sp;BodyMass.Value;Nocturnal;ForStrat.watbelowsurf;ForStrat.wataroundsurf;ForStrat.ground;ForStrat.understory;ForStrat.midhigh;ForStrat.canopy;ForStrat.aerial;PelagicSpecialist;litter_or_clutch_size_n;litters_or_clutches_per_y;range_m2
Amazona_aestiva;451;0;0;0;0;30;40;30;0;0;3;NA;5.86E+12
Anodorhynchus_glaucus;NA;NA;NA;NA;NA;NA;NA;NA;NA;NA;2;NA;1.81E+11
Aramides_cajaneus;397;0;0;50;50;0;0;0;0;0;4.3;NA;1.30E+13
Arremon_flavirostris;26.13;0;0;0;80;20;0;0;0;0;2.8;NA;1.94E+12
Campylopterus_calcirupicola;8.3;0;0;0;0;40;60;0;0;0;2;NA;NA
Cichlocolaptes_mazarbarnetti;NA;NA;NA;NA;NA;NA;NA;NA;NA;NA;NA;NA;46664287.25
Columbina_cyanopis;45.63;0;0;0;100;0;0;0;0;0;2;NA;2587817647
Columbina_cyanopis;45.63;0;0;0;100;0;0;0;0;0;2;NA;552520242.7
Cotinga_maculata;65;0;0;0;0;30;50;20;0;0;NA;NA;1.07E+11
Cotinga_maculata;65;0;0;0;0;30;50;20;0;0;NA;NA;30328090905
Cotinga_maculata;65;0;0;0;0;30;50;20;0;0;NA;NA;68068263402
Drymophila_genei;11.08;0;0;0;40;40;20;0;0;0;NA;NA;24960166414
Elaenia_albiceps;15.5;0;0;0;0;0;100;0;0;0;2.4;NA;1.08E+13
Eleothreptus_candicans;49.3;1;0;0;20;40;40;0;0;0;2;NA;5622691453
Eleothreptus_candicans;49.3;1;0;0;20;40;40;0;0;0;2;NA;3055921558
Eleothreptus_candicans;49.3;1;0;0;20;40;40;0;0;0;2;NA;1.39E+12
Eleothreptus_candicans;49.3;1;0;0;20;40;40;0;0;0;2;NA;3577599197
Formicivora_acutirostris;10;0;0;0;50;50;0;0;0;0;2;NA;880775217.6
Glaucidium_mooreorum;51;1;0;0;80;10;10;0;0;0;NA;NA;6471474.826
Harpagus_diodon;200;0;0;0;0;0;70;0;30;0;2;NA;2.35E+12
Harpagus_diodon;200;0;0;0;0;0;70;0;30;0;2;NA;5.18E+12
Harpagus_diodon;200;0;0;0;0;0;70;0;30;0;2;NA;5.05E+11
Mergus_octosetaceus;983;0;100;0;0;0;0;0;0;0;8;NA;51321711989
Mergus_octosetaceus;983;0;100;0;0;0;0;0;0;0;8;NA;1.26E+12
Myrmotherula_snowi;9.59;0;0;0;0;40;60;0;0;0;NA;NA;197954189.6
Myrmotherula_snowi;9.59;0;0;0;0;40;60;0;0;0;NA;NA;87467849.68
Nothura_maculosa;257.48;0;0;0;100;0;0;0;0;0;5.5;NA;5.65E+12
Ortalis_guttata;547.72;0;0;0;0;0;50;50;0;0;3.5;NA;4.43E+12
Ortalis_squamata;547.72;0;0;0;0;0;50;50;0;0;3;NA;2.91E+11
Philydor_novaesi;38;0;0;0;0;50;50;0;0;0;NA;NA;126987498.4
Sporophila_cinnamomea;NA;NA;0;0;50;50;0;0;0;0;3;NA;3.39E+11
Sporophila_cinnamomea;NA;NA;0;0;50;50;0;0;0;0;3;NA;2.08E+12
Sporophila_cinnamomea;NA;NA;0;0;50;50;0;0;0;0;3;NA;3.28E+11
Sporophila_maximiliani;NA;NA;0;0;70;30;0;0;0;0;2;NA;1.63E+12
Sporophila_maximiliani;NA;NA;0;0;70;30;0;0;0;0;2;NA;1.06E+11
Sporophila_maximiliani;NA;NA;0;0;70;30;0;0;0;0;2;NA;93741897197
Sporophila_melanogaster;NA;NA;0;0;50;50;0;0;0;0;2;NA;8.19E+11
Sporophila_melanogaster;NA;NA;0;0;50;50;0;0;0;0;2;NA;17770496550
Sporophila_palustris;NA;NA;0;0;50;50;0;0;0;0;2;NA;86582475625
Sporophila_palustris;NA;NA;0;0;50;50;0;0;0;0;2;NA;1.50E+12
Sporophila_palustris;NA;NA;0;0;50;50;0;0;0;0;2;NA;9.29E+11
Synallaxis_cinerea;13.8;0;0;0;20;60;20;0;0;0;NA;NA;24736389180
Taoniscus_nanus;43;0;0;0;80;20;0;0;0;0;3;NA;8.60E+11
Taoniscus_nanus;43;0;0;0;80;20;0;0;0;0;3;NA;2.23E+11
Vireo_chivi;16.06;0;0;0;0;0;20;80;0;0;3;NA;2.80E+12
Vireo_chivi;16.06;0;0;0;0;0;20;80;0;0;3;NA;1.37E+11
Vireo_chivi;16.06;0;0;0;0;0;20;80;0;0;3;NA;1.13E+13
Vireo_olivaceus;16.06;0;0;0;0;0;20;80;0;0;3.7;1.5;1.13E+13
Porphyriops_melanops;NA;NA;NA;NA;NA;NA;NA;NA;NA;NA;6;NA;4.14E+12
Celeus_galeatus;124;0;0;0;0;50;50;0;0;0;NA;NA;3.66E+11
Celeus_galeatus;124;0;0;0;0;50;50;0;0;0;NA;NA;1.84E+11
Suiriri_affinis;22.8;0;0;0;0;10;90;0;0;0;2.5;NA;NA
Paraclaravis_geoffroyi;43.47;0;0;0;100;0;0;0;0;0;2;NA;4.65E+11
Paraclaravis_geoffroyi;43.47;0;0;0;100;0;0;0;0;0;2;NA;1.48E+11
Chaetura_meridionalis;22.2;0;0;0;0;0;0;0;100;0;3.75;NA;4.93E+12
Chaetura_meridionalis;22.2;0;0;0;0;0;0;0;100;0;3.75;NA;1.28E+12
Chaetura_meridionalis;22.2;0;0;0;0;0;0;0;100;0;3.75;NA;6.55E+12
Chlorostilbon_lucidus;3.5;0;0;0;0;0;90;10;0;0;2;NA;5.79E+12
Fulica_armillata;1040;0;70;30;0;0;0;0;0;0;4;NA;2.73E+12
Chelidoptera_tenebrosa;35.9;0;0;0;0;0;30;30;40;0;1.7;NA;8.69E+12
Chloroceryle_inda;52.1;0;90;10;0;0;0;0;0;0;4.5;NA;8.41E+12
Chlorestes_notata;4.2;0;0;0;0;70;30;0;0;0;2;NA;NA
Chondrohierax_uncinatus;286.07;0;0;0;0;50;50;0;0;0;2;NA;8.80E+12
Chondrohierax_uncinatus;286.07;0;0;0;0;50;50;0;0;0;2;NA;5466357726
Chordeiles_acutipennis;48.42;1;0;0;0;20;70;0;10;0;1.75;1;63250040519
Chordeiles_minor;79.3;1;0;0;0;10;0;0;90;0;2;1;1.38E+13
Chordeiles_nacunda;NA;NA;NA;NA;NA;NA;NA;NA;NA;NA;1.45;NA;1.23E+13
Chrysolampis_mosquitus;3.9;0;0;0;0;50;30;20;0;0;2;NA;7.40E+12
Strix_huhula;370;1;0;0;10;10;10;70;0;0;1;NA;NA
Strix_virgata;283.97;1;0;0;80;20;0;0;0;0;2.5;NA;NA
Ciconia_maguari;3994.99;0;0;80;20;0;0;0;0;0;3.07;NA;5.04E+12
Circus_buffoni;507.4;0;0;0;100;0;0;0;0;0;3.75;NA;3.75E+12
Circus_buffoni;507.4;0;0;0;100;0;0;0;0;0;3.75;NA;2.02E+12
Circus_cinereus;399.67;0;0;0;60;20;20;0;0;0;3.75;NA;1.28E+12
Heliodoxa_rubricauda;7.9;0;0;0;0;20;60;20;0;0;2;NA;NA
Coccycua_cinerea;41.04;0;0;0;50;30;20;0;0;0;3;NA;2.26E+12
Coccycua_cinerea;41.04;0;0;0;50;30;20;0;0;0;3;NA;3.01E+12
Coccyzus_euleri;52.3;0;0;0;50;30;20;0;0;0;2;NA;9.04E+12
Coccyzus_americanus;64;0;0;0;0;0;40;60;0;0;3.25;1.5;1.40E+13
Coccyzus_erythropthalmus;50.9;0;0;0;30;30;30;10;0;0;2,605;1;2.30E+12
Colaptes_campestris;158;0;0;0;100;0;0;0;0;0;4.75;NA;4.57E+12
Colaptes_campestris;158;0;0;0;100;0;0;0;0;0;4.5;NA;4.57E+12
Colaptes_melanochloros;127.27;0;0;0;0;50;50;0;0;0;4;NA;4.72E+12
Colibri_serrirostris;6.7;0;0;0;0;70;30;0;0;0;2;NA;2.37E+12
Platyrinchus_mystaceus;9.7;0;0;0;0;80;20;0;0;0;2;NA;95934600.53
Platyrinchus_mystaceus;9.7;0;0;0;0;80;20;0;0;0;2;NA;5.07E+12
Columbina_picui;47;0;0;0;100;0;0;0;0;0;2;NA;5.74E+12
Columbina_squammata;52.9;0;0;0;100;0;0;0;0;0;2;NA;4.81E+12
Coscoroba_coscoroba;4294.78;0;0;50;50;0;0;0;0;0;6;1;2.19E+12
Coturnicops_notatus;30;0;0;0;80;20;0;0;0;0;3;NA;1.59E+12
Crax_blumenbachii;3500;0;0;0;60;20;20;0;0;0;2;NA;1.37E+11
Crax_blumenbachii;3500;0;0;0;60;20;20;0;0;0;2;NA;1149729292
Crax_fasciolata;2600;0;0;0;80;20;0;0;0;0;2;NA;3.40E+12
Crotophaga_major;148.25;0;0;0;30;20;20;30;0;0;2.45;NA;1.21E+13
Crypturellus_noctivagus;561.99;0;0;0;100;0;0;0;0;0;4;NA;1.47E+12
Crypturellus_obsoletus;443.4;0;0;0;100;0;0;0;0;0;4.5;NA;1.84E+12
Crypturellus_parvirostris;198.99;0;0;0;100;0;0;0;0;0;4.5;NA;6.66E+12
Crypturellus_undulatus;564.42;0;0;0;100;0;0;0;0;0;4.5;NA;8.53E+12
Crypturellus_variegatus;378;0;0;0;100;0;0;0;0;0;1;NA;5.44E+12
Cygnus_melancoryphus;4711.68;0;0;100;0;0;0;0;0;0;4.7;1;2.48E+12
Dendrocygna_viduata;689.99;0;80;20;0;0;0;0;0;0;8;1;8.47E+12
Cypseloides_fumigatus;41.95;0;0;0;0;0;0;0;100;0;1;NA;2.33E+12
Cypseloides_senex;82.25;0;0;0;0;0;0;0;100;0;NA;NA;2.02E+12
Discosura_longicaudus;3.4;0;0;0;0;0;20;80;0;0;2;NA;2.15E+12
Fulica_leucoptera;656;0;10;70;20;0;0;0;0;0;11;NA;3.04E+12
Diopsittaca_nobilis;150.91;0;0;0;20;20;40;20;0;0;4;NA;4.95E+11
Discosura_langsdorffi;2.8;0;0;0;0;0;40;60;0;0;2;NA;1.98E+12
Dromococcyx_pavoninus;46.4;0;0;0;50;50;0;0;0;0;1;NA;3.10E+12
Elanoides_forficatus;416.24;0;0;0;0;50;50;0;0;0;2;1;1.26E+13
Hydropsalis_anomala;43.7;1;0;0;20;70;10;0;0;0;2;NA;NA
Nycticryphes_semicollaris;NA;NA;NA;NA;NA;NA;NA;NA;NA;NA;2;NA;2.53E+12
Lophornis_chalybeus;3;0;0;0;0;30;60;10;0;0;2;NA;1.82E+11
Eudocimus_ruber;660.08;0;0;50;50;0;0;0;0;0;2;NA;8.16E+11
Eupetomena_macroura;9;0;0;0;0;0;60;30;10;0;2;NA;4.59E+12
Eupsittula_aurea;84.62;0;0;0;70;30;0;0;0;0;2.9;NA;5.76E+12
Eupsittula_cactorum;139.26;0;0;0;0;50;50;0;0;0;6;NA;1.20E+12
Falco_rufigularis;163.64;0;0;0;10;30;30;0;30;0;2.5;NA;56956882073
Florisuga_fusca;8.1;0;0;0;0;30;60;0;10;0;2;NA;6.70E+11
Florisuga_fusca;8.1;0;0;0;0;30;60;0;10;0;2;NA;5481117792
Fulica_rufifrons;644;0;20;60;20;0;0;0;0;0;4.2;NA;1.26E+12
Pyrrhocoma_ruficeps;15.6;0;0;0;0;80;20;0;0;0;NA;NA;NA
Gallinago_undulata;312.42;0;0;0;100;0;0;0;0;0;2.65;NA;2.59E+12
Gampsonyx_swainsonii;92.9;0;0;0;100;0;0;0;0;0;2.5;2;1.03E+13
Geranoaetus_albicaudatus;885;0;0;0;100;0;0;0;0;0;2;1;8.71E+12
Geranoaetus_albicaudatus;885;0;0;0;100;0;0;0;0;0;2;1;9785796175
Geranoaetus_melanoleucus;2378.62;0;0;0;100;0;0;0;0;0;2;NA;6.81E+12
Glaucis_dohrnii;5.8;0;0;0;0;100;0;0;0;0;2;NA;1.08E+11
Glaucis_dohrnii;5.8;0;0;0;0;100;0;0;0;0;2;NA;978169816.8
Glaucis_hirsutus;6.76;0;0;0;0;100;0;0;0;0;2;3;4.34E+11
Glaucis_hirsutus;6.76;0;0;0;0;100;0;0;0;0;2;3;7.39E+12
Spinus_magellanicus;NA;NA;NA;NA;NA;NA;NA;NA;NA;NA;4;NA;6.08E+12
Guira_guira;141;0;0;0;70;20;10;0;0;0;8.25;NA;8.03E+12
Pionopsitta_pileata;119;0;0;0;0;0;60;40;0;0;2;NA;7.29E+11
Heliactin_bilophus;4.4;0;0;0;0;50;50;0;0;0;2;NA;3.88E+12
Pionus_maximiliani;293;0;0;0;0;30;50;20;0;0;4;NA;4.53E+12
Pionus_menstruus;251;0;0;0;0;30;50;20;0;0;3.5;NA;8.37E+12
Pionus_reichenowi;251;0;0;0;0;30;50;20;0;0;3.5;NA;1.34E+11
Heliomaster_furcifer;5.4;0;0;0;0;20;80;0;0;0;2;NA;2.97E+12
Heliomaster_squamosus;5.9;0;0;0;0;0;100;0;0;0;2;NA;1.52E+12
Heliothryx_auritus;5.4;0;0;0;0;0;50;40;10;0;2;NA;6.89E+12
Vanellus_cayanus;75.76;0;0;0;100;0;0;0;0;0;2;NA;NA
Hydropsalis_maculicaudus;30.3;1;0;0;0;40;40;0;20;0;1;NA;3.27E+12
Hydropsalis_torquata;58.5;1;0;20;20;20;20;0;20;0;2;NA;7.88E+12
Ibycter_americanus;624;0;0;0;10;20;50;20;0;0;2.75;NA;8.09E+12
Hylocharis_chrysura;4.5;0;0;0;0;20;40;30;10;0;2;NA;3.13E+12
Hylocharis_cyanus;3.3;0;0;0;10;30;30;30;0;0;2;NA;7.03E+12
Ictinia_mississippiensis;276.03;0;0;0;10;10;10;10;60;0;2;1;1.02E+12
Ictinia_plumbea;249.9;0;0;0;0;0;0;20;80;0;1.45;NA;1.14E+13
Pyriglena_leuconota;32.3;0;0;0;40;40;20;0;0;0;1.4;NA;1.98E+12
Ixobrychus_exilis;86.29;0;0;50;50;0;0;0;0;0;4.09;2;2.33E+12
Ixobrychus_involucris;80.1;0;0;80;20;0;0;0;0;0;3;NA;2.40E+12
Jacamaralcyon_tridactyla;18.3;0;0;0;0;50;50;0;0;0;2;NA;3.90E+11
Jacana_jacana;106.24;0;0;50;50;0;0;0;0;0;4;NA;1.38E+13
Sittasomus_griseicapillus;13.12;0;0;0;0;0;50;50;0;0;2.5;NA;1.09E+13
Anabacerthia_amaurotis;19.2;0;0;0;20;60;20;0;0;0;NA;NA;4.99E+11
Anabacerthia_amaurotis;19.2;0;0;0;20;60;20;0;0;0;NA;NA;69621247.31
Alectrurus_risora;25;0;0;0;0;80;20;0;0;0;3;NA;98766305625
Alectrurus_risora;25;0;0;0;0;80;20;0;0;0;3;NA;1.36E+11
Alectrurus_risora;25;0;0;0;0;80;20;0;0;0;3;NA;7.01E+11
Antilophia_galeata;21.48;0;0;0;0;50;50;0;0;0;2;NA;1.96E+12
Malacoptila_striata;44.1;0;0;0;50;50;0;0;0;0;4;NA;7.29E+11
Myiothlypis_leucophrys;14.9;0;0;0;80;20;0;0;0;0;3;NA;8.09E+11
Batara_cinerea;131;0;0;0;30;30;40;0;0;0;2.4;NA;6.00E+11
Mareca_sibilatrix;923.16;0;0;30;70;0;0;0;0;0;7;NA;1.38E+12
Procacicus_solitarius;79.76;0;0;0;0;40;60;0;0;0;2;NA;NA
Calyptura_cristata;5;0;0;0;0;50;50;0;0;0;NA;NA;3118949.118
Calyptura_cristata;5;0;0;0;0;50;50;0;0;0;NA;NA;274854600.6
Calyptura_cristata;5;0;0;0;0;50;50;0;0;0;NA;NA;2640542203
Carpornis_cucullata;74.19;0;0;0;0;50;50;0;0;0;1;NA;2.52E+11
Casiornis_rufus;24.8;0;0;0;0;40;30;30;0;0;NA;NA;2.80E+12
Casiornis_rufus;24.8;0;0;0;0;40;30;30;0;0;NA;NA;2.76E+12
Casiornis_fuscus;19.5;0;0;0;0;40;30;30;0;0;NA;NA;2.11E+12
Cercomacroides_laeta;NA;NA;NA;NA;NA;NA;NA;NA;NA;NA;2;NA;3.94E+11
Clibanornis_dendrocolaptoides;48.2;0;0;0;60;40;0;0;0;0;NA;NA;4.53E+11
Colonia_colonus;18.3;0;0;0;0;30;70;0;0;0;2.4;NA;6.77E+12
Phylloscartes_eximius;7.5;0;0;0;0;0;100;0;0;0;2;NA;NA
Cranioleuca_semicinerea;15;0;0;0;0;0;50;50;0;0;NA;NA;9.88E+11
Cyanocorax_cyanopogon;146;0;0;0;10;30;30;30;0;0;5;NA;3.07E+12
Anumara_forbesi;NA;NA;NA;NA;NA;NA;NA;NA;NA;NA;2;NA;112337350
Anumara_forbesi;NA;NA;NA;NA;NA;NA;NA;NA;NA;NA;2;NA;18687090180
Cyanoloxia_brissonii;NA;NA;NA;NA;NA;NA;NA;NA;NA;NA;2;NA;5.85E+12
Cyanoloxia_glaucocaerulea;18.2;0;0;0;50;50;0;0;0;0;3;NA;6.84E+11
Cyanoloxia_glaucocaerulea;18.2;0;0;0;50;50;0;0;0;0;3;NA;5.12E+11
Dacnis_cayana;13;0;0;0;0;0;30;60;10;0;2;NA;56501792441
Phleocryptes_melanops;14.6;0;0;0;100;0;0;0;0;0;2.8;NA;3.01E+11
Phleocryptes_melanops;14.6;0;0;0;100;0;0;0;0;0;2.8;NA;3.52E+12
Dysithamnus_stictothorax;16.16;0;0;0;0;30;70;0;0;0;NA;NA;4.15E+11
Drymophila_rubricollis;10;0;0;0;0;20;80;0;0;0;NA;NA;3.29E+11
Elaenia_parvirostris;13.8;0;0;0;0;33;33;33;0;0;2.4;NA;8.22E+12
Elaenia_parvirostris;13.8;0;0;0;0;33;33;33;0;0;2.4;NA;2.74E+12
Griseotyrannus_aurantioatrocristatus;33;0;0;0;0;33;33;33;0;0;2.8;NA;84511613.01
Griseotyrannus_aurantioatrocristatus;33;0;0;0;0;33;33;33;0;0;2.8;NA;4.04E+12
Griseotyrannus_aurantioatrocristatus;33;0;0;0;0;33;33;33;0;0;2.8;NA;5.42E+12
Euphonia_violacea;15;0;0;0;0;30;40;30;0;0;3.75;NA;4.92E+12
Fluvicola_albiventer;11.6;0;0;0;60;40;0;0;0;0;2.45;NA;2.50E+12
Fluvicola_albiventer;11.6;0;0;0;60;40;0;0;0;0;2.45;NA;5.62E+12
Formicivora_iheringi;8.2;0;0;0;30;30;40;0;0;0;NA;NA;1667053403
Formicivora_iheringi;8.2;0;0;0;30;30;40;0;0;0;NA;NA;2592846278
Formicivora_iheringi;8.2;0;0;0;30;30;40;0;0;0;NA;NA;18303690067
Formicivora_iheringi;8.2;0;0;0;30;30;40;0;0;0;NA;NA;312009580.2
Furnarius_rufus;46.42;0;0;0;70;30;0;0;0;0;3.2;NA;6.18E+12
Geositta_cunicularia;28.5;0;0;0;100;0;0;0;0;0;2.4;NA;2.91E+12
Herpsilochmus_sellowi;7.5;0;0;0;0;30;70;0;0;0;2;NA;9.93E+11
Herpsilochmus_sellowi;7.5;0;0;0;0;30;70;0;0;0;2;NA;3160236107
Hemitriccus_obsoletus;11.6;0;0;0;0;80;20;0;0;0;2;NA;2.63E+11
Hemitriccus_diops;10;0;0;0;0;100;0;0;0;0;2;NA;7.37E+11
Hemitriccus_furcatus;8.64;0;0;0;0;50;50;0;0;0;1;NA;2220151026
Hemitriccus_furcatus;8.64;0;0;0;0;50;50;0;0;0;1;NA;3696189890
Hemitriccus_furcatus;8.64;0;0;0;0;50;50;0;0;0;1;NA;49420564195
Hemitriccus_furcatus;8.64;0;0;0;0;50;50;0;0;0;1;NA;5342819503
Herpsilochmus_atricapillus;9.85;0;0;0;0;0;100;0;0;0;NA;NA;3.73E+12
Hemitriccus_kaempferi;8.64;0;0;0;0;80;20;0;0;0;NA;NA;78212666.75
Hemitriccus_kaempferi;8.64;0;0;0;0;80;20;0;0;0;NA;NA;7847656951
Hemitriccus_kaempferi;8.64;0;0;0;0;80;20;0;0;0;NA;NA;18853576.45
Hemitriccus_nidipendulus;7.5;0;0;0;0;80;20;0;0;0;2;NA;5.42E+11
Poospiza_thoracica;NA;NA;0;0;90;10;0;0;0;0;NA;NA;NA
Hylopezus_nattereri;32;0;0;0;100;0;0;0;0;0;NA;NA;4.94E+11
Hylopezus_ochroleucus;28;0;0;0;100;0;0;0;0;0;2;NA;5.46E+11
Pachysylvia_muscicapina;NA;NA;NA;NA;NA;NA;NA;NA;NA;NA;NA;NA;2.39E+12
Hymenops_perspicillatus;22.9;0;0;0;100;0;0;0;0;0;2.8;NA;1.12E+12
Hymenops_perspicillatus;22.9;0;0;0;100;0;0;0;0;0;2.8;NA;2.68E+12
Larus_cirrocephalus;374.69;0;20;40;40;0;0;0;0;0;3;NA;1.33E+12
Larus_cirrocephalus;374.69;0;20;40;40;0;0;0;0;0;3;NA;5.07E+12
Larus_maculipennis;339;0;0;20;60;20;0;0;0;0;2.5;NA;2.28E+11
Laterallus_leucopyrrhus;45.5;0;0;0;100;0;0;0;0;0;2.7;NA;8.82E+11
Laterallus_melanophaius;52.1;0;0;50;50;0;0;0;0;0;2.4;NA;1.02E+13
Laterallus_xenopterus;56.9;0;0;30;70;0;0;0;0;0;NA;NA;40747300631
Laterallus_xenopterus;56.9;0;0;30;70;0;0;0;0;0;NA;NA;6139321067
Laterallus_xenopterus;56.9;0;0;30;70;0;0;0;0;0;NA;NA;1.66E+12
Leptotila_rufaxilla;157;0;0;0;100;0;0;0;0;0;1.7;NA;1.17E+13
Leucochloris_albicollis;6.3;0;0;0;0;30;60;10;0;0;2;NA;2.18E+12
Limosa_haemastica;253.29;0;0;50;50;0;0;0;0;0;3.95;1;1.30E+12
Lophornis_magnificus;2.7;0;0;0;0;50;50;0;0;0;2;NA;2.56E+12
Myrmoderus_loricatus;NA;NA;NA;NA;NA;NA;NA;NA;NA;NA;2;NA;1.78E+11
Rhopias_gularis;8.7;0;0;0;0;80;20;0;0;0;2;NA;5.01E+11
Stigmatura_bahiae;9.77;0;0;0;0;80;20;0;0;0;2.5;NA;5.72E+11
Pseudopipra_pipra;NA;NA;NA;NA;NA;NA;NA;NA;NA;NA;2;NA;4.94E+12
Ceratopipra_rubrocapilla;12;0;0;0;0;50;50;0;0;0;2;NA;3.39E+12
Philohydor_lictor;25.5;0;0;0;10;70;20;0;0;0;2.7;NA;2.74E+11
Philohydor_lictor;25.5;0;0;0;10;70;20;0;0;0;2.7;NA;8.91E+12
Mesembrinibis_cayennensis;756;0;0;40;60;0;0;0;0;0;2.5;NA;1.06E+13
Microspingus_lateralis;NA;NA;0;0;100;0;0;0;0;0;NA;NA;57392653157
Microspingus_melanoleucus;NA;NA;0;0;20;50;30;0;0;0;3.5;NA;1.48E+12
Sporophila_nigricollis;NA;NA;0;0;30;70;0;0;0;0;2.25;2;7.14E+12
Tangara_ornata;33;0;0;0;10;10;20;60;0;0;3;NA;3.93E+11
Tangara_sayaca;32.49;0;0;0;10;0;20;70;0;0;2.5;NA;6.57E+12
Notharchus_swainsoni;60.72;0;0;0;33;33;33;0;0;0;3.5;NA;9.28E+11
Xenops_rutilans;11.2;0;0;0;0;20;80;0;0;0;2.5;NA;NA
Hydropsalis_forcipata;139;1;0;0;0;20;70;10;0;0;2;NA;NA
Megascops_choliba;132;1;0;0;40;50;0;0;10;0;2;NA;1.30E+13
Megascops_atricapilla;118.89;1;0;0;10;10;20;60;0;0;2.5;NA;9.90E+11
Megascops_sanctaecatarinae;179.72;1;0;0;50;50;0;0;0;0;2;NA;4.18E+11
Melanerpes_flavifrons;57.78;0;0;0;0;50;50;0;0;0;3;NA;1.56E+12
Melanerpes_candidus;108;0;0;0;0;50;50;0;0;0;3.5;NA;5.54E+12
Systellura_longirostris;45.6;1;0;0;0;50;40;0;10;0;1.5;NA;9.24E+11
Systellura_longirostris;45.6;1;0;0;0;50;40;0;10;0;1.5;NA;3.37E+12
Mitu_mitu;2850.47;0;0;0;100;0;0;0;0;0;2.5;NA;310414407.8
Neocrex_erythrops;58.3;0;0;20;80;0;0;0;0;0;5.8;NA;3.06E+12
Neomorphus_geoffroyi;355.03;0;0;0;100;0;0;0;0;0;1;NA;2.92E+12
Micrastur_mintoni;209.5;0;0;0;0;100;0;0;0;0;NA;NA;1.88E+12
Micrastur_mirandollei;548.99;0;0;0;0;50;50;0;0;0;NA;NA;5.27E+12
Micrastur_semitorquatus;621.68;0;0;0;50;30;20;0;0;0;2.7;NA;1.21E+13
Micropygia_schomburgkii;31.2;0;0;0;60;40;0;0;0;0;2;NA;3.01E+12
Milvago_chimachima;315.21;0;0;0;100;0;0;0;0;0;2;NA;1.36E+13
Momotus_momota;114.96;0;0;0;30;30;30;10;0;0;3.5;1;8.10E+12
Monasa_morphoeus;87.9;0;0;0;33;33;33;0;0;0;2.5;1;5.21E+12
Monasa_nigrifrons;80.7;0;0;0;40;40;20;0;0;0;3;NA;7.02E+12
Nomonyx_dominicus;364.97;0;100;0;0;0;0;0;0;0;5;1;6.33E+12
Nomonyx_dominicus;364.97;0;100;0;0;0;0;0;0;0;5;1;1.44E+12
Nonnula_rubecula;18.4;0;0;0;50;50;0;0;0;0;2.5;NA;5.44E+12
Nothura_boraquira;283;0;0;0;100;0;0;0;0;0;4;NA;1.35E+12
Numenius_borealis;350.11;0;0;0;80;20;0;0;0;0;3.43;NA;1.74E+12
Nyctibius_aethereus;440.45;1;0;0;0;0;80;20;0;0;1;NA;4.98E+12
Nyctibius_leucopterus;86.4;1;0;0;0;0;90;0;10;0;1;NA;2.91E+12
Nyctibius_leucopterus;86.4;1;0;0;0;0;90;0;10;0;1;NA;4.16E+11
Nyctipolus_hirundinaceus;57.51;1;0;0;0;20;20;0;60;0;1;NA;6.78E+11
Nystalus_chacuru;52.3;0;0;0;33;33;33;0;0;0;2.8;NA;4.33E+12
Nystalus_maculatus;42;0;0;0;33;33;33;0;0;0;2.4;NA;3.64E+12
Odontophorus_capueira;425.4;0;0;0;100;0;0;0;0;0;5;NA;1.72E+12
Ortalis_canicollis;539;0;0;0;20;0;40;40;0;0;4;NA;1.17E+12
Oxyura_vittata;642.68;0;100;0;0;0;0;0;0;0;4;1;1.15E+12
Oxyura_vittata;642.68;0;100;0;0;0;0;0;0;0;4;1;1.99E+12
Pardirallus_nigricans;217;0;0;60;40;0;0;0;0;0;3;NA;3.25E+12
Pardirallus_sanguinolentus;232;0;0;20;80;0;0;0;0;0;4.95;NA;4.58E+12
Porphyrio_flavirostris;92.64;0;0;20;60;20;0;0;0;0;4.5;NA;5.27E+12
Patagioenas_maculosa;347;0;0;0;80;20;0;0;0;0;1.4;NA;3.66E+12
Penelope_superciliaris;894.99;0;0;0;33;0;33;33;0;0;3;NA;5.61E+12
Patagioenas_picazuro;279;0;0;0;30;30;30;10;0;0;1;NA;5.83E+12
Patagioenas_plumbea;178.77;0;0;0;0;0;30;70;0;0;1;NA;6.56E+12
Patagioenas_speciosa;258.47;0;0;0;30;20;30;20;0;0;1;NA;7.37E+11
Patagioenas_speciosa;258.47;0;0;0;30;20;30;20;0;0;1;NA;2.00E+12
Vanellus_chilensis;327;0;0;20;80;0;0;0;0;0;4;NA;1.33E+13
Penelope_obscura;1770;0;0;0;30;30;30;10;0;0;3;NA;1.01E+12
Penelope_jacucaca;1282;0;0;0;20;0;40;40;0;0;2.5;NA;6.18E+11
Phaethornis_eurynome;5.3;0;0;0;0;100;0;0;0;0;2;NA;9.34E+11
Veniliornis_affinis;34.83;0;0;0;0;0;60;40;0;0;NA;NA;5.39E+12
Phaethornis_idaliae;2.6;0;0;0;0;100;0;0;0;0;2;NA;1.55E+11
Phaethornis_malaris;5.9;0;0;0;0;100;0;0;0;0;2;NA;11618746304
Phaethornis_malaris;5.9;0;0;0;0;100;0;0;0;0;2;NA;3.79E+12
Phaethornis_pretrei;5.6;0;0;0;0;100;0;0;0;0;2;NA;3.74E+12
Phaethornis_ruber;2.4;0;0;0;0;100;0;0;0;0;2;NA;9.73E+12
Phaethornis_squalidus;3.4;0;0;0;0;100;0;0;0;0;2;NA;2.72E+11
Phaetusa_simplex;235;0;50;30;10;10;0;0;0;0;2.4;NA;1.33E+13
Phimosus_infuscatus;559;0;0;80;20;0;0;0;0;0;3.75;NA;6.59E+12
Phacellodomus_ferrugineigula;24.5;0;0;0;0;100;0;0;0;0;2;NA;5.87E+11
Phacellodomus_rufifrons;24.6;0;0;0;70;20;10;0;0;0;3;NA;2.79E+12
Piculus_flavigula;55;0;0;0;0;0;40;60;0;0;3.5;NA;6.46E+12
Picumnus_albosquamatus;11.9;0;0;0;0;40;30;30;0;0;2;NA;2.01E+12
Picumnus_cirratus;10.2;0;0;0;0;50;50;0;0;0;2.4;NA;2.35E+12
Picumnus_exilis;9.3;0;0;0;0;80;20;0;0;0;NA;NA;22309580240
Picumnus_exilis;9.3;0;0;0;0;80;20;0;0;0;NA;NA;1.24E+12
Picumnus_fulvescens;11.32;0;0;0;0;40;30;30;0;0;NA;NA;1.20E+11
Picumnus_nebulosus;11.6;0;0;0;0;50;50;0;0;0;NA;NA;5.18E+11
Picumnus_temminckii;11.5;0;0;0;0;80;20;0;0;0;2;NA;5.15E+11
Picumnus_pygmaeus;11;0;0;0;0;40;30;30;0;0;NA;NA;8.37E+11
Pilherodius_pileatus;568.59;0;0;80;20;0;0;0;0;0;3.5;NA;1.01E+13
Pipile_cujubi;1195.82;0;0;0;20;0;40;40;0;0;2.5;NA;2.68E+12
Pipile_cumanensis;1239.22;0;0;0;0;0;30;70;0;0;3;NA;3.14E+12
Plegadis_chihi;616.89;0;0;80;20;0;0;0;0;0;3.06;1;3.83E+12
Pluvialis_dominica;151.47;0;0;0;100;0;0;0;0;0;3.93;1;1.44E+12
Podicephorus_major;1646;0;100;0;0;0;0;0;0;0;4;NA;NA
Podiceps_occipitalis;320.69;0;50;50;0;0;0;0;0;0;2.5;NA;9.42E+11
Mustelirallus_albicollis;100;0;0;0;100;0;0;0;0;0;3.2;NA;NA
Porzana_spiloptera;61.06;0;0;60;40;0;0;0;0;0;NA;NA;1.34E+11
Primolius_maracana;256;0;0;0;20;20;30;30;0;0;3;NA;40583495646
Primolius_maracana;256;0;0;0;20;20;30;30;0;0;3;NA;3.46E+12
Primolius_maracana;256;0;0;0;20;20;30;30;0;0;3;NA;5.49E+11
Psittacara_leucophthalmus;158;0;0;0;20;20;40;20;0;0;3.5;NA;8.73E+12
Pteroglossus_aracari;250.16;0;0;0;0;0;30;70;0;0;2.9;NA;3.32E+12
Pteroglossus_bailloni;146;0;0;0;0;0;60;40;0;0;3;NA;6.57E+11
Pteroglossus_castanotis;258.09;0;0;0;0;20;60;20;0;0;2;NA;5.07E+12
Pteroglossus_inscriptus;125.82;0;0;0;0;0;30;70;0;0;2.9;NA;2.98E+12
Rhea_americana;23000;0;0;0;100;0;0;0;0;0;12;1;6.54E+12
Pyrrhura_cruentata;75.87;0;0;0;0;30;50;20;0;0;2.9;NA;10274713505
Pyrrhura_cruentata;75.87;0;0;0;0;30;50;20;0;0;2.9;NA;44808607570
Pyrrhura_cruentata;75.87;0;0;0;0;30;50;20;0;0;2.9;NA;1.78E+11
Pyrrhura_frontalis;72;0;0;0;0;30;50;20;0;0;5.5;NA;1.70E+12
Pyrrhura_leucotis;75.87;0;0;0;0;33;33;33;0;0;6.7;NA;2.73E+11
Rallus_longirostris;259.35;0;10;40;40;10;0;0;0;0;10;1.5;3.59E+11
Ramphastos_vitellinus;360.36;0;0;0;10;10;50;30;0;0;3;NA;1.75E+12
Ramphastos_vitellinus;360.36;0;0;0;10;10;50;30;0;0;3;NA;1.75E+12
Ramphastos_dicolorus;331;0;0;0;20;0;0;80;0;0;2.9;NA;1.39E+12
Ramphastos_toco;617.99;0;0;0;20;10;10;60;0;0;2.9;NA;4.57E+12
Rhynchotus_rufescens;843.47;0;0;0;80;20;0;0;0;0;8;NA;5.67E+12
Rostrhamus_sociabilis;366.94;0;0;0;100;0;0;0;0;0;3;1.5;9.11E+11
Laterallus_viridis;64.34;0;0;0;100;0;0;0;0;0;2;NA;NA
Rupornis_magnirostris;269;0;0;0;33;33;33;0;0;0;2;NA;1785758356
Rupornis_magnirostris;269;0;0;0;33;33;33;0;0;0;2;NA;5466357726
Sarkidiornis_sylvicola;2610;0;0;50;50;0;0;0;0;0;20;1;9.68E+12
Selenidera_maculirostris;164;0;0;0;0;20;40;40;0;0;2.7;NA;9.31E+11
Hydropsalis_parvula;NA;NA;NA;NA;NA;NA;NA;NA;NA;NA;2;NA;NA
Anas_platalea;465.43;0;0;100;0;0;0;0;0;0;8.5;NA;NA
Anas_versicolor;595.21;0;20;80;0;0;0;0;0;0;8;NA;NA
Spizaetus_ornatus;1197.4;0;0;0;10;20;50;20;0;0;1;NA;8.58E+12
Spizaetus_tyrannus;1007.11;0;0;0;20;20;30;20;10;0;2;NA;7.47E+12
Steganopus_tricolor;59.39;0;0;80;20;0;0;0;0;0;4;NA;5.55E+12
Stephanoxis_lalandi;4;0;0;0;0;60;20;10;10;0;2;NA;3.01E+11
Stephanoxis_loddigesii;4;0;0;0;0;60;20;10;10;0;2;NA;8.34E+11
Sterna_hirundinacea;188;0;100;0;0;0;0;0;0;1;2.3;NA;3.42E+11
Sterna_trudeaui;153;0;100;0;0;0;0;0;0;0;3.25;NA;4.59E+11
Sternula_superciliaris;NA;NA;NA;NA;NA;NA;NA;NA;NA;NA;2.4;NA;1.14E+13
Strix_hylophila;345.38;1;0;0;20;10;10;60;0;0;2.4;NA;74490299.02
Strix_hylophila;345.38;1;0;0;20;10;10;60;0;0;2.4;NA;7.12E+11
Syrigma_sibilatrix;463;0;30;70;0;0;0;0;0;0;4;NA;4.24E+12
Tachornis_squamata;10.97;0;0;0;0;10;40;20;30;0;3;NA;9.49E+12
Thalurania_watertonii;4.6;0;0;0;0;40;60;0;0;0;2;NA;16862274948
Thalurania_watertonii;4.6;0;0;0;0;40;60;0;0;0;2;NA;68717403.38
Thalurania_watertonii;4.6;0;0;0;0;40;60;0;0;0;2;NA;34605111535
Tigrisoma_lineatum;812.99;0;0;80;20;0;0;0;0;0;2;NA;1.32E+13
Trogon_curucui;54;0;0;0;10;30;30;30;0;0;2.5;NA;7.40E+12
Touit_melanonotus;66.51;0;0;0;0;30;50;20;0;0;NA;NA;13847582353
Touit_melanonotus;66.51;0;0;0;0;30;50;20;0;0;NA;NA;14296651928
Touit_surdus;66.51;0;0;0;0;30;50;20;0;0;NA;NA;98994544629
Triclaria_malachitacea;90;0;0;0;0;30;50;20;0;0;2.8;NA;30242987138
Triclaria_malachitacea;90;0;0;0;0;30;50;20;0;0;2.8;NA;18847830731
Trogon_surrucura;73.29;0;0;0;0;0;100;0;0;0;3;NA;1.37E+12
Uropelia_campestris;35.2;0;0;0;100;0;0;0;0;0;NA;NA;1.79E+12
Trogon_surrucura;73.29;0;0;0;0;0;100;0;0;0;3;NA;1.37E+12
Trogon_viridis;89.69;0;0;0;10;0;30;60;0;0;2.5;NA;7.91E+12
Veniliornis_maculifrons;38.69;0;0;0;10;30;30;30;0;0;NA;NA;2.54E+11
Veniliornis_mixtus;28.74;0;0;0;0;50;50;0;0;0;4;NA;3.65E+12
Veniliornis_mixtus;28.74;0;0;0;0;50;50;0;0;0;4;NA;11569205838
Anthus_lutescens;12.6;0;0;0;100;0;0;0;0;0;2.8;NA;7.24E+12
Conopophaga_cearae;22;0;0;0;60;40;0;0;0;0;2;NA;58579527734
Conopophaga_lineata;25.21;0;0;0;60;40;0;0;0;0;2;NA;1.90E+12
Contopus_cinereus;11.6;0;0;0;0;30;70;0;0;0;2.4;NA;3.84E+12
Cichlocolaptes_leucophrus;50;0;0;0;0;20;80;0;0;0;NA;NA;1.48E+11
Cichlocolaptes_leucophrus;50;0;0;0;0;20;80;0;0;0;NA;NA;1.48E+11
Cichlopsis_leucogenys;53.77;0;0;0;20;30;30;20;0;0;3;NA;1.02E+11
Dendrocincla_turdina;39;0;0;0;0;40;60;0;0;0;2;NA;1.19E+12
Formicivora_paludicola;10;0;0;0;50;50;0;0;0;0;1;NA;487845595.9
Elaenia_chiriquensis;15.4;0;0;0;0;40;60;0;0;0;2;1.5;7.21E+12
Elaenia_sordida;23.9;0;0;0;0;0;20;60;20;0;2;NA;2.04E+12
Furnarius_leucopus;54.8;0;0;0;100;0;0;0;0;0;2;NA;4.78E+12
Euscarthmus_meloryphus;6.8;0;0;0;0;100;0;0;0;0;2;NA;6.21E+12
Formicivora_grisea;10.36;0;0;0;20;40;40;0;0;0;2;NA;5.03E+12
Formicivora_serrana;11.4;0;0;0;50;50;0;0;0;0;2;NA;2.10E+11
Herpsilochmus_rufimarginatus;10.58;0;0;0;0;0;100;0;0;0;NA;NA;6.81E+11
Hylophilus_thoracicus;NA;NA;0;0;0;0;50;50;0;0;2;NA;1.41E+11
Laniisoma_elegans;47.4;0;0;0;50;50;0;0;0;0;NA;NA;23578354210
Laniisoma_elegans;47.4;0;0;0;50;50;0;0;0;0;NA;NA;3.28E+11
Laniisoma_elegans;47.4;0;0;0;50;50;0;0;0;0;NA;NA;1.73E+11
Mackenziaena_leachii;70.2;0;0;0;40;40;20;0;0;0;NA;NA;8.29E+11
Manacus_manacus;16.7;0;0;0;0;80;20;0;0;0;2;3;7.52E+12
Myiarchus_swainsoni;25.1;0;0;0;0;100;0;0;0;0;3.5;NA;5.88E+12
Myiarchus_swainsoni;25.1;0;0;0;0;100;0;0;0;0;3.5;NA;5.20E+12
Myiodynastes_maculatus;43.2;0;0;0;0;0;100;0;0;0;2.5;NA;4.28E+12
Myiarchus_tyrannulus;35.45;0;0;0;20;80;0;0;0;0;3.95;1;9.18E+12
Myiobius_barbatus;11.9;0;0;0;0;30;70;0;0;0;2;NA;6.23E+12
Myiophobus_fasciatus;9.9;0;0;0;0;100;0;0;0;0;2;NA;1.00E+13
Myrmotherula_axillaris;8.09;0;0;0;0;20;80;0;0;0;2;NA;NA
Neopelma_pallescens;18.2;0;0;0;0;50;50;0;0;0;1.8;NA;2.44E+12
Pachyramphus_viridis;21;0;0;0;0;50;50;0;0;0;2.8;NA;4.96E+12
Procnias_averano;146.06;0;0;0;0;50;50;0;0;0;1;NA;1.12E+12
Progne_subis;53.79;0;0;0;20;20;20;20;20;0;4.79;1;4.64E+12
Phaeomyias_murina;10;0;0;0;0;33;33;33;0;0;2;NA;1.08E+13
Tyranniscus_burmeisteri;11.1;0;0;0;0;0;100;0;0;0;NA;NA;NA
Phyllomyias_griseocapilla;8;0;0;0;0;70;30;0;0;0;2;NA;1.90E+11
Piprites_pileata;15;0;0;0;0;0;20;80;0;0;NA;NA;1281197436
Piprites_pileata;15;0;0;0;0;0;20;80;0;0;NA;NA;1.47E+11
Piprites_pileata;15;0;0;0;0;0;20;80;0;0;NA;NA;45097444024
Poecilotriccus_plumbeiceps;5.7;0;0;0;0;100;0;0;0;0;2.4;NA;1.48E+12
Psilorhamphus_guttatus;11.3;0;0;0;10;60;30;0;0;0;NA;NA;4.11E+11
Thamnophilus_ruficapillus;20.4;0;0;0;0;20;80;0;0;0;2.4;NA;1.39E+12
Ramphotrigon_megacephalum;14.2;0;0;0;0;50;50;0;0;0;2;NA;2.27E+12
Rhynchocyclus_olivaceus;21.3;0;0;0;0;50;50;0;0;0;2.4;NA;2.81E+12
Schoeniophylax_phryganophilus;18.6;0;0;0;60;40;0;0;0;0;4.5;NA;2.57E+12
Sclerurus_caudacutus;36.23;0;0;0;100;0;0;0;0;0;2;NA;5.51E+12
Sclerurus_cearensis;36.9;0;0;0;100;0;0;0;0;0;1;NA;6.35E+11
Sakesphorus_cristatus;17.7;0;0;0;30;50;20;0;0;0;2;NA;1.14E+12
Sclerurus_cearensis;36.9;0;0;0;100;0;0;0;0;0;2.4;NA;6.35E+11
Schiffornis_turdina;31.7;0;0;0;0;100;0;0;0;0;2;NA;5.59E+12
Scytalopus_gonzagai;NA;NA;NA;NA;NA;NA;NA;NA;NA;NA;NA;NA;4359999674
Scytalopus_pachecoi;15.1;0;0;0;60;30;10;0;0;0;2;NA;46608014197
Sirystes_sibilator;32.3;0;0;0;0;0;0;100;0;0;NA;NA;4.18E+12
Serpophaga_nigricans;8.5;0;0;0;60;40;0;0;0;0;3;NA;3.66E+12
Serpophaga_subcristata;6.6;0;0;0;0;33;33;33;0;0;2.4;NA;5.56E+12
Scytalopus_petrophilus;NA;NA;NA;NA;NA;NA;NA;NA;NA;NA;NA;NA;46264052261
Sporophila_bouvreuil;NA;NA;0;0;50;50;0;0;0;0;2.15;NA;3.35E+12
Sporophila_pileata;NA;NA;0;0;50;50;0;0;0;0;2.15;NA;1.45E+12
Stigmatura_budytoides;11.08;0;0;0;0;50;50;0;0;0;2;NA;1.87E+12
Suiriri_suiriri;14.53;0;0;0;0;50;50;0;0;0;3;NA;2.05E+12
Suiriri_suiriri;14.53;0;0;0;0;50;50;0;0;0;3;NA;2.89E+11
Suiriri_suiriri;14.53;0;0;0;0;50;50;0;0;0;3;NA;7256543736
Suiriri_suiriri;14.53;0;0;0;0;50;50;0;0;0;3;NA;4.08E+12
Synallaxis_hypospodia;16.9;0;0;0;0;100;0;0;0;0;2.45;NA;3.53E+12
Synallaxis_infuscata;18.2;0;0;0;0;100;0;0;0;0;2;NA;666230973.5
Synallaxis_infuscata;18.2;0;0;0;0;100;0;0;0;0;2;NA;24202495416
Synallaxis_infuscata;18.2;0;0;0;0;100;0;0;0;0;2;NA;752188248.5
Synallaxis_scutata;15.4;0;0;0;100;0;0;0;0;0;2.4;NA;3.79E+12
Tachuris_rubrigastra;7.8;0;0;0;0;100;0;0;0;0;3.5;NA;2.27E+12
Tachuris_rubrigastra;7.8;0;0;0;0;100;0;0;0;0;3.5;NA;6.19E+11
Syndactyla_dimidiata;29.4;0;0;0;0;50;50;0;0;0;NA;NA;1.72E+12
Lipaugus_conditus;80;0;0;0;0;50;50;0;0;0;NA;NA;250467146.9
Lipaugus_conditus;80;0;0;0;0;50;50;0;0;0;NA;NA;49674813.85
Tityra_cayana;68.1;0;0;0;0;50;50;0;0;0;3;NA;5.11E+12
Tolmomyias_flaviventris;12.2;0;0;0;0;0;20;80;0;0;2.45;NA;6.72E+12
Turdus_albicollis;54;0;0;0;80;0;20;0;0;0;2.4;3;8.53E+12
Turdus_subalaris;49.5;0;0;0;20;40;40;0;0;0;3;NA;1.63E+12
Turdus_subalaris;49.5;0;0;0;20;40;40;0;0;0;3;NA;5.35E+11
Xenopsaris_albinucha;10;0;0;0;50;50;0;0;0;0;3;NA;4.45E+12
Xenops_minutus;10.6;0;0;0;0;50;50;0;0;0;2;NA;9.46E+11
Xiphorhynchus_atlanticus;NA;NA;NA;NA;NA;NA;NA;NA;NA;NA;NA;NA;3.27E+11
Cacicus_cela;85.45;0;0;0;0;0;20;80;0;0;2;NA;8.57E+12
Charitospiza_eucosma;NA;NA;0;0;90;10;0;0;0;0;2;NA;2.86E+11
Charitospiza_eucosma;NA;NA;0;0;90;10;0;0;0;0;2;NA;2.87E+12
Geothlypis_aequinoctialis;13.1;0;0;0;0;100;0;0;0;0;2;NA;1.31E+11
Geothlypis_aequinoctialis;13.1;0;0;0;0;100;0;0;0;0;2;NA;5.51E+12
Geothlypis_aequinoctialis;13.1;0;0;0;0;100;0;0;0;0;2;NA;1.74E+12
Nemosia_rourei;16;0;0;0;0;30;70;0;0;0;NA;NA;400003060.6
Nemosia_rourei;16;0;0;0;0;30;70;0;0;0;NA;NA;73557258.03
Nemosia_rourei;16;0;0;0;0;30;70;0;0;0;NA;NA;52793653.7
Microspingus_cinereus;NA;NA;0;0;20;50;30;0;0;0;3;NA;4.98E+11
Microspingus_cinereus;NA;NA;0;0;20;50;30;0;0;0;3;NA;15620522150
Microspingus_cinereus;NA;NA;0;0;20;50;30;0;0;0;3;NA;1.13E+12
Tangara_brasiliensis;20.5;0;0;0;0;30;30;40;0;0;2.5;NA;1.46E+11
Pipraeidea_bonariensis;36;0;0;0;0;30;30;40;0;0;3;NA;2.30E+12
Pipraeidea_bonariensis;36;0;0;0;0;30;30;40;0;0;3;NA;1.01E+12
Poospiza_nigrorufa;NA;NA;0;0;80;20;0;0;0;0;3.5;NA;8.84E+11
Poospiza_nigrorufa;NA;NA;0;0;80;20;0;0;0;0;3.5;NA;68617851224
Saltator_coerulescens;NA;NA;0;0;0;70;30;0;0;0;2,125;NA;8.19E+12
Sula_dactylatra;1732.08;0;100;0;0;0;0;0;0;1;2;1;259237472.3
Hemitriccus_orbitatus;9.7;0;0;0;0;40;60;0;0;0;2;NA;6.64E+11
Rhytipterna_simplex;31.8;0;0;0;0;50;50;0;0;0;NA;NA;7.38E+12
Embernagra_longicauda;NA;NA;0;0;100;0;0;0;0;0;2;NA;86159829187
Embernagra_platensis;NA;NA;0;0;20;60;20;0;0;0;3;NA;2.74E+12
Accipiter_poliogaster;1369.41;0;0;0;0;0;33;33;33;0;2;NA;5.97E+12
Accipiter_poliogaster;1369.41;0;0;0;0;0;33;33;33;0;2;NA;1.23E+12
Forpus_xanthopterygius;31;0;0;0;100;0;0;0;0;0;5.15;NA;5.78E+12
Geotrygon_violacea;95.2;0;0;0;100;0;0;0;0;0;2;NA;1.49E+12
Glaucidium_minutissimum;50;1;0;0;90;10;0;0;0;0;3;NA;1.21E+12
Anumbius_annumbi;41.5;0;0;0;50;50;0;0;0;0;3.9;NA;2.93E+12
Cacicus_haemorrhous;83.71;0;0;0;0;20;60;20;0;0;2;NA;8.04E+12
Camptostoma_obsoletum;8.1;0;0;0;0;0;80;20;0;0;2;NA;57333452941
Camptostoma_obsoletum;8.1;0;0;0;0;0;80;20;0;0;2;NA;1.44E+13
Chlorophonia_cyanea;14;0;0;0;0;0;20;80;0;0;3;NA;2.01E+12
Euphonia_chalybea;19;0;0;0;0;50;50;0;0;0;3;6;7.45E+11
Gnorimopsar_chopi;65.9;0;0;0;60;10;30;0;0;0;4;NA;5.93E+12
Myrmoderus_squamosus;NA;NA;NA;NA;NA;NA;NA;NA;NA;NA;NA;NA;2.42E+11
Anabacerthia_lichtensteini;21;0;0;0;0;0;50;50;0;0;NA;NA;1.59E+12
Nyctibius_grandis;547;1;0;0;0;10;60;10;20;0;1;NA;5.72E+11
Nyctibius_griseus;172.04;1;0;0;0;0;90;0;10;0;1;1;1.38E+13
Ortalis_araucuan;547.72;0;0;0;0;0;50;50;0;0;3;NA;3.50E+11
Orthopsittaca_manilatus;372;0;0;0;0;0;40;60;0;0;2;NA;7.15E+12
Parabuteo_leucorrhous;290;0;0;0;100;0;0;0;0;0;2.2;NA;1.19E+12
Polytmus_guainumbi;5.2;0;0;0;0;100;0;0;0;0;2;NA;4.84E+12
Mimus_triurus;47.2;0;0;0;100;0;0;0;0;0;4;NA;3.28E+12
Pseudastur_polionotus;NA;NA;NA;NA;NA;NA;NA;NA;NA;NA;NA;NA;8.13E+11
Pulsatrix_koeniswaldiana;481;1;0;0;20;30;30;20;0;0;2;NA;6.52E+11
Phylloscartes_ceciliae;7.6;0;0;0;0;0;30;70;0;0;NA;NA;18945378705
Theristicus_caerulescens;1500;0;0;80;20;0;0;0;0;0;2.7;NA;1.75E+12
Theristicus_caudatus;1726;0;0;0;100;0;0;0;0;0;2.9;NA;5.15E+12
Tinamus_solitarius;1386.41;0;0;0;100;0;0;0;0;0;6;NA;1.07E+12
Veniliornis_passerinus;32.1;0;0;0;0;33;33;33;0;0;NA;NA;1.11E+13
Veniliornis_spilogaster;40.3;0;0;0;0;50;50;0;0;0;NA;NA;1.54E+12
Arremon_franciscanus;24.9;0;0;0;70;30;0;0;0;0;NA;NA;53111449620
Arremon_taciturnus;24.8;0;0;0;50;50;0;0;0;0;2;NA;6.76E+12
Dolichonyx_oryzivorus;31.46;0;0;0;100;0;0;0;0;0;5.11;1,125;9.05E+11
Machaeropterus_pyrocephalus;9.49;0;0;0;0;50;50;0;0;0;2;NA;2.23E+12
Machaeropterus_regulus;9.34;0;0;0;0;50;50;0;0;0;1;NA;1.25E+11
Xipholena_atropurpurea;61.32;0;0;0;0;0;100;0;0;0;1;NA;1.72E+11
Xipholena_atropurpurea;61.32;0;0;0;0;0;100;0;0;0;1;NA;40685019626
Xipholena_atropurpurea;61.32;0;0;0;0;0;100;0;0;0;1;NA;1836598640
Myiopagis_caniceps;10.5;0;0;0;0;0;0;100;0;0;2;NA;2.65E+12
Myiopagis_gaimardii;12.02;0;0;0;0;0;0;100;0;0;2;NA;8.67E+12
Myrmotherula_unicolor;11.5;0;0;0;0;20;80;0;0;0;NA;NA;18652925864
Myrmotherula_unicolor;11.5;0;0;0;0;20;80;0;0;0;NA;NA;69117754465
Poecilotriccus_fumifrons;6.6;0;0;0;0;100;0;0;0;0;NA;NA;2.06E+12
Polystictus_pectoralis;6.2;0;0;0;0;40;60;0;0;0;3;NA;3.62E+12
Scytalopus_iraiensis;12.4;0;0;0;60;40;0;0;0;0;NA;NA;5149689424
Thamnophilus_aethiops;25.7;0;0;0;20;40;40;0;0;0;2;NA;4.95E+12
Xiphorhynchus_fuscus;21.8;0;0;0;0;50;50;0;0;0;2.2;NA;1.95E+12
Xiphorhynchus_guttatoides;59.69;0;0;0;0;10;90;0;0;0;2;NA;6.33E+12
Xiphorhynchus_guttatoides;59.69;0;0;0;0;10;90;0;0;0;2;NA;6.33E+12
Agelaioides_badius;45.25;0;0;0;50;30;20;0;0;0;3.8;NA;3.74E+12
Agelaioides_fringillarius;45.25;0;0;0;50;30;20;0;0;0;3;NA;1.02E+12
Basileuterus_auricapilla;10.5;0;0;0;0;70;30;0;0;0;3;NA;7.59E+12
Myiothlypis_rivularis;NA;NA;NA;NA;NA;NA;NA;NA;NA;NA;2;NA;8.46E+11
Piranga_flava;37.7;0;0;0;0;10;30;60;0;0;2.9;NA;5.78E+12
Tangara_cyanomelas;21;0;0;0;0;10;20;70;0;0;2;NA;2.12E+11
Tangara_flava;18;0;0;0;0;30;40;30;0;0;2;NA;4.24E+12
Terenura_maculata;6.5;0;0;0;0;0;70;30;0;0;NA;NA;7.84E+11
Anabazenops_fuscus;39;0;0;0;10;20;70;0;0;0;NA;NA;3.73E+11
Anthus_chacoensis;21.83;0;0;0;100;0;0;0;0;0;NA;NA;6.21E+11
Anthus_furcatus;20.06;0;0;0;80;10;10;0;0;0;4;NA;1.99E+12
Arundinicola_leucocephala;13.8;0;0;0;50;50;0;0;0;0;2.65;NA;9.09E+12
Progne_tapera;32;0;0;0;0;30;20;20;30;0;4;NA;6.27E+12
Progne_tapera;32;0;0;0;0;30;20;20;30;0;4;NA;8.24E+12
Progne_tapera;32;0;0;0;0;30;20;20;30;0;4;NA;43483186332
Asthenes_moreirae;10.48;0;0;0;0;80;20;0;0;0;NA;NA;39557946548
Attila_rufus;42.6;0;0;0;25;25;25;25;0;0;NA;NA;3.43E+11
Automolus_lammi;34.5;0;0;0;0;80;20;0;0;0;3.5;NA;63964048189
Automolus_leucophthalmus;34.5;0;0;0;0;80;20;0;0;0;3.5;NA;1.80E+12
Berlepschia_rikeri;37;0;0;0;0;0;50;50;0;0;NA;NA;5.18E+12
Campylorhamphus_falcularius;42.6;0;0;0;0;50;50;0;0;0;2;NA;8.77E+11
Campylorhamphus_trochilirostris;40.8;0;0;0;0;80;20;0;0;0;2;NA;7.39E+12
Chamaeza_ruficauda;71.2;0;0;0;100;0;0;0;0;0;2;NA;3.71E+11
Certhiaxis_cinnamomeus;15.2;0;0;0;0;33;33;33;0;0;3.1;NA;8.36E+12
Chiroxiphia_caudata;25.6;0;0;0;0;50;50;0;0;0;2;NA;1.46E+12
Cinclodes_pabsti;53;0;0;0;100;0;0;0;0;0;NA;NA;21291478924
Conopophaga_melanops;20.1;0;0;0;60;40;0;0;0;0;2;NA;2.43E+11
Cranioleuca_obsoleta;13.4;0;0;0;0;0;70;30;0;0;NA;NA;6.54E+11
Cranioleuca_pallida;11.5;0;0;0;0;0;50;50;0;0;NA;NA;6.94E+11
Cranioleuca_sulphurifera;13.5;0;0;0;0;33;33;33;0;0;2.8;NA;7.11E+11
Dendrocolaptes_certhia;68.7;0;0;0;0;10;90;0;0;0;1.5;NA;6.66E+12
Donacospiza_albifrons;NA;NA;0;0;80;20;0;0;0;0;4;NA;1.67E+12
Drymophila_ferruginea;10.6;0;0;0;0;30;70;0;0;0;NA;NA;5.06E+11
Drymophila_malura;13;0;0;0;40;40;20;0;0;0;NA;NA;7.70E+11
Inezia_inornata;12;0;0;0;0;33;33;33;0;0;NA;NA;9.58E+11
Inezia_inornata;12;0;0;0;0;33;33;33;0;0;NA;NA;1.17E+12
Elaenia_cristata;18.2;0;0;0;0;30;40;30;0;0;1.2;NA;5.13E+12
Elaenia_spectabilis;27.3;0;0;0;0;0;0;100;0;0;2;NA;2.88E+12
Elaenia_spectabilis;27.3;0;0;0;0;0;0;100;0;0;2;NA;5.65E+12
Euphonia_xanthogaster;13;0;0;0;0;20;60;20;0;0;4;NA;3.57E+12
Formicarius_colma;47;0;0;0;80;20;0;0;0;0;2;NA;6.98E+12
Formicivora_erythronotos;10.3;0;0;0;40;40;20;0;0;0;2;NA;131329408.4
Formicivora_melanogaster;10.5;0;0;0;40;40;20;0;0;0;2;NA;2.65E+12
Aramides_mangle;183;0;0;60;40;0;0;0;0;0;5.5;NA;7.74E+11
Aramides_saracura;540;0;0;30;70;0;0;0;0;0;4.5;NA;9.29E+11
Aramides_ypecaha;700.07;0;0;30;70;0;0;0;0;0;4.5;NA;3.65E+12
Gubernetes_yetapa;68.4;0;0;0;80;20;0;0;0;0;3;NA;2.08E+12
Haplospiza_unicolor;NA;NA;0;0;80;20;0;0;0;0;3;NA;9.78E+11
Hemithraupis_guira;12;0;0;0;0;0;10;90;0;0;NA;NA;9.38E+12
Hemithraupis_ruficapilla;11;0;0;0;0;0;10;90;0;0;NA;NA;6.49E+11
Herpsilochmus_longirostris;12.8;0;0;0;0;30;70;0;0;0;NA;NA;1.99E+12
Icterus_pyrrhopterus;35.44;0;0;0;0;20;40;40;0;0;2.2;NA;6.58E+12
Ilicura_militaris;12.7;0;0;0;0;50;50;0;0;0;2.5;NA;8.41E+11
Iodopleura_pipra;10.03;0;0;0;0;0;100;0;0;0;1;NA;22497331658
Iodopleura_pipra;10.03;0;0;0;0;0;100;0;0;0;1;NA;1.30E+11
Iodopleura_pipra;10.03;0;0;0;0;0;100;0;0;0;1;NA;1.04E+11
Knipolegus_cyanirostris;15.4;0;0;0;0;100;0;0;0;0;1.7;NA;1.58E+12
Knipolegus_cyanirostris;15.4;0;0;0;0;100;0;0;0;0;1.7;NA;5.74E+11
Knipolegus_lophotes;31.8;0;0;0;50;50;0;0;0;0;3;NA;1.32E+12
Lathrotriccus_euleri;11.33;0;0;0;0;100;0;0;0;0;2.45;NA;56494880666
Lathrotriccus_euleri;11.33;0;0;0;0;100;0;0;0;0;2.45;NA;8.27E+12
Lathrotriccus_euleri;11.33;0;0;0;0;100;0;0;0;0;2.45;NA;1.95E+12
Amazona_farinosa;625.99;0;0;0;0;0;60;40;0;0;3;NA;6.79E+12
Legatus_leucophaius;22.2;0;0;0;0;0;20;80;0;0;2.5;NA;1.08E+13
Lepidocolaptes_squamatus;28.1;0;0;0;0;0;50;50;0;0;NA;NA;7.46E+11
Leptopogon_amaurocephalus;11.7;0;0;0;0;50;50;0;0;0;2.45;NA;7.75E+12
Leptasthenura_setaria;11;0;0;0;0;0;50;50;0;0;NA;NA;3.95E+11
Lessonia_rufa;13.4;0;0;0;100;0;0;0;0;0;2.8;NA;2.61E+12
Coccycua_minuta;39.3;0;0;0;0;50;50;0;0;0;2;NA;1.24E+11
Coccycua_minuta;39.3;0;0;0;0;50;50;0;0;0;2;NA;8.63E+12
Leptasthenura_striolata;10.5;0;0;0;0;33;33;33;0;0;NA;NA;2.09E+11
Lochmias_nematura;22;0;0;0;100;0;0;0;0;0;2;NA;2.65E+12
Limnoctites_rectirostris;18.5;0;0;0;100;0;0;0;0;0;2.4;NA;36118170979
Limnoctites_rectirostris;18.5;0;0;0;100;0;0;0;0;0;2.4;NA;1.44E+11
Limnornis_curvirostris;28.6;0;0;0;100;0;0;0;0;0;2;NA;2.17E+11
Lipaugus_lanioides;94.8;0;0;0;0;50;50;0;0;0;1;NA;1.91E+11
Lipaugus_lanioides;94.8;0;0;0;0;50;50;0;0;0;1;NA;2811477501
Lipaugus_lanioides;94.8;0;0;0;0;50;50;0;0;0;1;NA;10474696610
Lipaugus_lanioides;94.8;0;0;0;0;50;50;0;0;0;1;NA;40730245533
Lipaugus_vociferans;75.42;0;0;0;0;50;50;0;0;0;1;NA;7.06E+12
Mackenziaena_severa;51.8;0;0;0;30;40;30;0;0;0;NA;NA;9.55E+11
Megaxenops_parnaguae;25;0;0;0;0;0;100;0;0;0;NA;NA;11235128195
Megaxenops_parnaguae;25;0;0;0;0;0;100;0;0;0;NA;NA;6.58E+11
Melanopareia_torquata;17.2;0;0;0;60;40;0;0;0;0;2;NA;2.77E+12
Charadrius_falklandicus;65;0;0;40;60;0;0;0;0;0;3;NA;74149682.06
Charadrius_falklandicus;65;0;0;40;60;0;0;0;0;0;3;NA;2.09E+11
Merulaxis_ater;35.03;0;0;0;100;0;0;0;0;0;NA;NA;1.64E+11
Merulaxis_stresemanni;37;0;0;0;60;40;0;0;0;0;NA;NA;21751303.34
Merulaxis_stresemanni;37;0;0;0;60;40;0;0;0;0;NA;NA;5713689.469
Merulaxis_stresemanni;37;0;0;0;60;40;0;0;0;0;NA;NA;68971924.71
Mionectes_rufiventris;13.3;0;0;0;0;10;90;0;0;0;3;NA;1.06E+12
Charadrius_modestus;78;0;0;0;100;0;0;0;0;0;2;NA;1.21E+12
Charadrius_modestus;78;0;0;0;100;0;0;0;0;0;2;NA;329242601.4
Muscipipra_vetula;27;0;0;0;100;0;0;0;0;0;3;NA;8.28E+11
Myiarchus_ferox;27.5;0;0;0;0;80;20;0;0;0;2.2;NA;1.19E+13
Myiobius_atricaudus;10;0;0;0;0;30;70;0;0;0;2;NA;4.61E+12
Myiornis_auricularis;5.3;0;0;0;0;50;50;0;0;0;2.5;NA;1.27E+12
Phacellodomus_striaticollis;25.7;0;0;0;70;30;0;0;0;0;3.5;NA;6.51E+11
Myiozetetes_cayanensis;25.9;0;0;0;50;30;20;0;0;0;2.45;2.5;50961888221
Myiozetetes_cayanensis;25.9;0;0;0;50;30;20;0;0;0;2.45;2.5;7.48E+12
Myiozetetes_similis;28;0;0;0;20;20;40;20;0;0;3;NA;9.26E+12
Myrmorchilus_strigilatus;23;0;0;0;50;50;0;0;0;0;2;NA;1.73E+12
Myrmotherula_minor;6.4;0;0;0;0;30;70;0;0;0;NA;NA;2364445016
Myrmotherula_minor;6.4;0;0;0;0;30;70;0;0;0;NA;NA;2616371176
Myrmotherula_minor;6.4;0;0;0;0;30;70;0;0;0;NA;NA;29300318154
Myrmotherula_minor;6.4;0;0;0;0;30;70;0;0;0;NA;NA;6512394676
Myrmotherula_urosticta;8.88;0;0;0;0;0;100;0;0;0;2;NA;11469043040
Myrmotherula_urosticta;8.88;0;0;0;0;0;100;0;0;0;2;NA;3033301178
Myrmotherula_urosticta;8.88;0;0;0;0;0;100;0;0;0;2;NA;1.01E+11
Neopelma_aurifrons;14;0;0;0;0;60;40;0;0;0;NA;NA;3539750436
Neopelma_aurifrons;14;0;0;0;0;60;40;0;0;0;NA;NA;2474445459
Neopelma_aurifrons;14;0;0;0;0;60;40;0;0;0;NA;NA;2.74E+11
Neopelma_aurifrons;14;0;0;0;0;60;40;0;0;0;NA;NA;2597251201
Neopelma_chrysolophum;16.02;0;0;0;0;50;50;0;0;0;NA;NA;1.60E+11
Onychorhynchus_swainsoni;17;0;0;0;0;30;70;0;0;0;2;NA;38102104622
Onychorhynchus_swainsoni;17;0;0;0;0;30;70;0;0;0;2;NA;1.61E+11
Oxyruncus_cristatus;42;0;0;0;0;0;60;40;0;0;2;NA;1.87E+12
Ornithion_inerme;7;0;0;0;0;0;30;70;0;0;1;NA;6.70E+12
Pachyramphus_castaneus;19.5;0;0;0;0;0;100;0;0;0;NA;NA;5.79E+12
Pachyramphus_marginatus;18.4;0;0;0;0;0;100;0;0;0;NA;NA;6.34E+12
Pachyramphus_validus;43;0;0;0;0;50;50;0;0;0;4;NA;6.06E+12
Paroaria_dominicana;33.2;0;0;0;20;80;0;0;0;0;3;NA;1.21E+12
Petrochelidon_pyrrhonota;21.6;0;0;0;0;0;0;0;100;0;4.25;1.25;4.04E+12
Petrochelidon_pyrrhonota;21.6;0;0;0;0;0;0;0;100;0;4.25;1.25;7.66E+12
Tangara_fastuosa;20.02;0;0;0;0;0;40;60;0;0;2.5;NA;9494972.378
Tangara_fastuosa;20.02;0;0;0;0;0;40;60;0;0;2.5;NA;4110335.73
Tangara_fastuosa;20.02;0;0;0;0;0;40;60;0;0;2.5;NA;32312836.82
Tangara_fastuosa;20.02;0;0;0;0;0;40;60;0;0;2.5;NA;15649187066
Phacellodomus_erythrophthalmus;24.5;0;0;0;0;100;0;0;0;0;3;NA;3.95E+11
Phacellodomus_ruber;41;0;0;0;50;50;0;0;0;0;3.5;NA;2.77E+12
Phibalura_flavirostris;46.5;0;0;0;0;0;100;0;0;0;2.2;NA;1.22E+11
Phibalura_flavirostris;46.5;0;0;0;0;0;100;0;0;0;2.2;NA;9.63E+11
Philydor_rufum;25;0;0;0;0;0;40;60;0;0;2.2;NA;2.19E+12
Philydor_atricapillus;22.2;0;0;0;0;33;33;33;0;0;NA;NA;1.13E+12
Phylloscartes_beckeri;8.7;0;0;0;0;0;30;70;0;0;NA;NA;2304794966
Phylloscartes_difficilis;6.9;0;0;0;0;70;30;0;0;0;NA;NA;1.54E+11
Phylloscartes_kronei;8.3;0;0;0;0;50;50;0;0;0;2.5;NA;5479415279
Phyllomyias_virescens;8.2;0;0;0;0;10;50;40;0;0;2;NA;1.03E+12
Phylloscartes_oustaleti;10;0;0;0;0;0;40;60;0;0;NA;NA;74813951480
Phyllomyias_reiseri;7.48;0;0;0;0;0;0;100;0;0;2;NA;6.50E+11
Phylloscartes_paulista;7.48;0;0;0;0;50;50;0;0;0;NA;NA;31475383154
Phylloscartes_paulista;7.48;0;0;0;0;50;50;0;0;0;NA;NA;1.18E+11
Phylloscartes_paulista;7.48;0;0;0;0;50;50;0;0;0;NA;NA;4.73E+11
Phylloscartes_roquettei;6;0;0;0;0;50;50;0;0;0;NA;NA;2.38E+11
Phylloscartes_sylviolus;8;0;0;0;0;0;0;100;0;0;NA;NA;2212545.526
Phylloscartes_sylviolus;8;0;0;0;0;0;0;100;0;0;NA;NA;4.35E+11
Phytotoma_rutila;40.5;0;0;0;20;40;40;0;0;0;2.8;NA;294502046.2
Phytotoma_rutila;40.5;0;0;0;20;40;40;0;0;0;2.8;NA;6.05E+11
Phytotoma_rutila;40.5;0;0;0;20;40;40;0;0;0;2.8;NA;1.76E+12
Brachygalba_lugubris;15.9;0;0;0;0;20;20;60;0;0;3;NA;4.80E+12
Pipraeidea_melanonota;21;0;0;0;0;10;20;60;10;0;2;NA;2.11E+12
Pipra_fasciicauda;15.9;0;0;0;0;50;50;0;0;0;2;NA;4.78E+12
Platyrinchus_leucoryphus;16;0;0;0;0;0;100;0;0;0;2;NA;3.26E+11
Platyrinchus_leucoryphus;16;0;0;0;0;0;100;0;0;0;2;NA;5003044914
Platyrinchus_leucoryphus;16;0;0;0;0;0;100;0;0;0;2;NA;99007757284
Platyrinchus_leucoryphus;16;0;0;0;0;0;100;0;0;0;2;NA;51270203790
Poecilotriccus_latirostris;8.1;0;0;0;0;100;0;0;0;0;NA;NA;4.66E+12
Polioptila_lactea;6.5;0;0;0;0;33;33;33;0;0;NA;NA;4.41E+11
Polystictus_superciliaris;6;0;0;0;20;80;0;0;0;0;1.4;NA;3.14E+11
Procnias_nudicollis;172.04;0;0;0;0;50;50;0;0;0;1;NA;1.47E+12
Calidris_bairdii;40.97;0;0;20;80;0;0;0;0;0;4;1;2.87E+12
Pseudocolopteryx_dinelliana;7.89;0;0;0;0;100;0;0;0;0;3;NA;1.35E+11
Pseudocolopteryx_dinelliana;7.89;0;0;0;0;100;0;0;0;0;3;NA;5.41E+11
Pseudocolopteryx_dinelliana;7.89;0;0;0;0;100;0;0;0;0;3;NA;1.42E+11
Pseudocolopteryx_flaviventris;7.5;0;0;0;0;100;0;0;0;0;2.8;NA;6.19E+11
Pseudocolopteryx_flaviventris;7.5;0;0;0;0;100;0;0;0;0;2.8;NA;1.07E+12
Pseudocolopteryx_sclateri;8;0;0;0;0;100;0;0;0;0;2;NA;8.16E+11
Pseudoseisura_cristata;49.5;0;0;0;100;0;0;0;0;0;NA;NA;9.10E+11
Pyriglena_atra;32;0;0;0;40;40;20;0;0;0;2;NA;4969988270
Pyriglena_atra;32;0;0;0;40;40;20;0;0;0;2;NA;199768550.6
Pyriglena_leucoptera;28.8;0;0;0;40;40;20;0;0;0;2;NA;1.23E+12
Pyroderus_scutatus;357;0;0;0;0;50;50;0;0;0;1;NA;2.12E+12
Ramphocelus_bresilius;32.9;0;0;0;0;70;30;0;0;0;2.5;NA;3.78E+11
Ramphocelus_carbo;25.92;0;0;0;0;50;40;10;0;0;2;2;1.05E+13
Rhopornis_ardesiacus;26.3;0;0;0;40;40;20;0;0;0;2;NA;312248017.3
Rhopornis_ardesiacus;26.3;0;0;0;40;40;20;0;0;0;2;NA;676474930.4
Rhopornis_ardesiacus;26.3;0;0;0;40;40;20;0;0;0;2;NA;1760844622
Satrapa_icterophrys;21.5;0;0;0;0;60;40;0;0;0;2.8;NA;6.57E+12
Satrapa_icterophrys;21.5;0;0;0;0;60;40;0;0;0;2.8;NA;1.46E+12
Saltator_maxillosus;NA;NA;0;0;0;30;30;40;0;0;2.5;NA;4.37E+11
Schiffornis_virescens;25.6;0;0;0;0;100;0;0;0;0;2;NA;1.66E+12
Scytalopus_novacapitalis;18.9;0;0;0;100;0;0;0;0;0;2;NA;1.19E+11
Calidris_subruficollis;62.1;0;0;0;100;0;0;0;0;0;4;NA;1.50E+12
Sporophila_collaris;NA;NA;0;0;0;100;0;0;0;0;2.5;NA;3.26E+12
Stelgidopteryx_ruficollis;16.1;0;0;0;0;40;60;0;0;0;5.2;1;1.19E+12
Netta_erythrophthalma;780.38;0;50;50;0;0;0;0;0;0;8.85;1;2.48E+12
Sporophila_albogularis;NA;NA;0;0;50;50;0;0;0;0;2.5;NA;9.11E+11
Synallaxis_frontalis;14;0;0;0;20;80;0;0;0;0;3.5;NA;5.75E+12
Stephanophorus_diadematus;35.4;0;0;0;0;30;70;0;0;0;4;NA;1.09E+12
Sublegatus_modestus;14;0;0;0;0;50;50;0;0;0;2;NA;5.71E+12
Sublegatus_modestus;14;0;0;0;0;50;50;0;0;0;2;NA;7.63E+11
Synallaxis_ruficapilla;13.8;0;0;0;20;60;20;0;0;0;2.4;NA;1.17E+12
Synallaxis_spixi;12.6;0;0;0;20;80;0;0;0;0;3.9;NA;1.34E+12
Synallaxis_albescens;11.2;0;0;0;30;70;0;0;0;0;2.5;NA;9.89E+12
Synallaxis_cinerascens;13.1;0;0;0;50;50;0;0;0;0;3;NA;1.22E+12
Syndactyla_rufosuperciliata;25.6;0;0;0;20;30;50;0;0;0;2.8;NA;1.73E+12
Tachycineta_albiventer;17.7;0;0;0;0;80;20;0;0;0;4.35;NA;1.09E+13
Tachycineta_albiventer;17.7;0;0;0;0;80;20;0;0;0;4.35;NA;8.33E+11
Tachycineta_leucorrhoa;15.3;0;0;0;0;80;20;0;0;0;5.3;NA;5.02E+12
Tachycineta_leucorrhoa;15.3;0;0;0;0;80;20;0;0;0;5.3;NA;1.36E+12
Tangara_cyanocephala;18;0;0;0;0;20;20;60;0;0;2.5;2.5;4.45E+11
Tangara_cyanoventris;16.5;0;0;0;0;20;40;40;0;0;NA;NA;4.76E+11
Tangara_preciosa;22.8;0;0;0;0;30;40;30;0;0;NA;NA;1.10E+12
Tangara_seledon;18.7;0;0;0;0;0;40;60;0;0;3;NA;6.73E+11
Tersina_viridis;29;0;0;0;0;10;60;30;0;0;2.5;1.5;8.76E+12
Thamnomanes_caesius;15.7;0;0;0;0;10;90;0;0;0;2;NA;6.05E+12
Thamnophilus_ambiguus;23.45;0;0;0;0;30;70;0;0;0;2;NA;2.10E+11
Thamnophilus_caerulescens;21.1;0;0;0;0;60;40;0;0;0;2.4;NA;3.97E+12
Thamnophilus_palliatus;23.3;0;0;0;0;0;100;0;0;0;2;NA;2.54E+12
Thamnophilus_pelzelni;20.9;0;0;0;0;20;80;0;0;0;2;NA;2.62E+12
Thamnophilus_torquatus;21.1;0;0;0;40;40;10;10;0;0;2.4;NA;3.73E+12
Thlypopsis_sordida;17;0;0;0;0;0;70;30;0;0;2;NA;6.84E+12
Tangara_cyanoptera;43.3;0;0;0;10;0;20;70;0;0;2;NA;2.24E+11
Thripophaga_macroura;21;0;0;0;30;70;0;0;0;0;3;NA;743603318.7
Thripophaga_macroura;21;0;0;0;30;70;0;0;0;0;3;NA;5222706588
Thripophaga_macroura;21;0;0;0;30;70;0;0;0;0;3;NA;1.39E+11
Tityra_inquisitor;43.1;0;0;0;0;0;100;0;0;0;3;NA;766976987.7
Todirostrum_poliocephalum;6.96;0;0;0;0;40;60;0;0;0;NA;NA;4.65E+11
Tolmomyias_poliocephalus;10.8;0;0;0;0;0;50;50;0;0;NA;NA;6.11E+12
Chloroceryle_aenea;13.75;0;90;10;0;0;0;0;0;0;3.5;NA;56077685916
Chloroceryle_amazona;126.38;0;100;0;0;0;0;0;0;0;3.75;1;1.31E+13
Trichothraupis_melanops;22.58;0;0;0;30;30;20;10;10;0;3;NA;2.47E+12
Turdus_amaurochalinus;57.9;0;0;0;20;20;30;30;0;0;3;NA;4.48E+12
Turdus_amaurochalinus;57.9;0;0;0;20;20;30;30;0;0;3;NA;3.77E+12
Turdus_fumigatus;75.7;0;0;0;50;50;0;0;0;0;3;3.5;4.07E+12
Turdus_rufiventris;69.44;0;0;0;100;0;0;0;0;0;3.2;NA;5.03E+12
Tyrannus_albogularis;37.1;0;0;0;0;50;50;0;0;0;NA;NA;2.62E+11
Tyrannus_albogularis;37.1;0;0;0;0;50;50;0;0;0;NA;NA;4.23E+12
Tyrannus_albogularis;37.1;0;0;0;0;50;50;0;0;0;NA;NA;2.49E+12
Tyrannus_savana;31.9;0;0;0;50;50;0;0;0;0;2.45;NA;1.70E+12
Tyrannus_savana;31.9;0;0;0;50;50;0;0;0;0;2.45;NA;5.40E+12
Tyrannus_tyrannus;39.85;0;0;0;0;80;20;0;0;0;3.5;1;4.57E+12
Ramphodon_naevius;7.9;0;0;0;0;100;0;0;0;0;NA;NA;9822345.879
Ramphodon_naevius;7.9;0;0;0;0;100;0;0;0;0;NA;NA;2.20E+11
Xiphocolaptes_albicollis;118;0;0;0;0;0;100;0;0;0;2;NA;2.10E+12
Xiphocolaptes_major;156;0;0;0;33;33;33;0;0;0;2.2;NA;1.46E+12
Xolmis_cinereus;57.1;0;0;0;100;0;0;0;0;0;2.4;NA;6.89E+12
Xolmis_coronatus;46.8;0;0;0;100;0;0;0;0;0;2.4;NA;7.62E+11
Xolmis_coronatus;46.8;0;0;0;100;0;0;0;0;0;2.4;NA;1.52E+12
Xolmis_irupero;28.7;0;0;0;100;0;0;0;0;0;3.5;NA;3.57E+12
Xolmis_velatus;49.08;0;0;0;100;0;0;0;0;0;NA;NA;3.62E+12
Thalurania_furcata;4.19;0;0;0;10;30;30;30;0;0;2;NA;1.12E+13
Thalurania_glaucopis;4.8;0;0;0;0;60;40;0;0;0;2;NA;1.42E+12
Streptoprocne_biscutata;95.81;0;0;0;0;0;0;0;100;0;NA;NA;1.31E+12
Streptoprocne_biscutata;95.81;0;0;0;0;0;0;0;100;0;NA;NA;4.27E+11
Accipiter_superciliosus;99.51;0;0;0;0;0;33;33;33;0;1.85;NA;8.26E+12
Aegolius_harrisii;120;1;0;0;80;20;0;0;0;0;3;NA;1.10E+12
Alipiopsitta_xanthops;327.37;0;0;0;0;0;60;40;0;0;NA;NA;1.89E+12
Alipiopsitta_xanthops;327.37;0;0;0;0;0;60;40;0;0;NA;NA;1.10E+11
Crypturellus_strigulosus;430.58;0;0;0;80;20;0;0;0;0;NA;NA;2.59E+12
Crypturellus_tataupa;218.8;0;0;0;50;50;0;0;0;0;4.5;2;4.86E+12
Amazilia_versicolor;4.1;0;0;0;0;30;40;30;0;0;2;NA;5.11E+12
Amazilia_fimbriata;4.9;0;0;0;0;80;20;0;0;0;2;2.5;1.07E+13
Amazilia_leucogaster;4.7;0;0;0;0;80;20;0;0;0;2;NA;3.22E+11
Amazilia_sapphirina;4.4;0;0;0;0;70;30;0;0;0;NA;NA;3.92E+12
Amazona_brasiliensis;327.37;0;0;0;0;30;50;20;0;0;3.75;NA;4747429894
Amazona_pretrei;272.76;0;0;0;0;30;50;20;0;0;2.9;NA;2119966686
Amazona_pretrei;272.76;0;0;0;0;30;50;20;0;0;2.9;NA;1959735.037
Amazona_pretrei;272.76;0;0;0;0;30;50;20;0;0;2.9;NA;15704626376
Amazona_pretrei;272.76;0;0;0;0;30;50;20;0;0;2.9;NA;8306199831
Amazona_rhodocorytha;474.34;0;0;0;0;0;80;20;0;0;3.5;NA;24259793530
Amazona_rhodocorytha;474.34;0;0;0;0;0;80;20;0;0;3.5;NA;2672573606
Amazonetta_brasiliensis;499.99;0;0;20;80;0;0;0;0;0;7;1;8.74E+12
Amazona_vinacea;254;0;0;0;0;30;40;30;0;0;2.9;NA;47654526624
Amazona_vinacea;254;0;0;0;0;30;40;30;0;0;2.9;NA;49561242876
Amazona_vinacea;254;0;0;0;0;30;40;30;0;0;2.9;NA;58322035115
Amazona_vinacea;254;0;0;0;0;30;40;30;0;0;2.9;NA;3.79E+11
Anhima_cornuta;3150;0;0;40;60;0;0;0;0;0;4;1;1.10E+13
Anodorhynchus_hyacinthinus;1331;0;0;0;0;20;60;20;0;0;2.2;NA;1.31E+11
Anodorhynchus_hyacinthinus;1331;0;0;0;0;20;60;20;0;0;2.2;NA;2.12E+11
Anodorhynchus_hyacinthinus;1331;0;0;0;0;20;60;20;0;0;2.2;NA;2.16E+12
Anodorhynchus_hyacinthinus;1331;0;0;0;0;20;60;20;0;0;2.2;NA;3.25E+11
Anthracothorax_nigricollis;7;0;0;0;0;10;30;40;20;0;2;2.5;1.02E+11
Anthracothorax_nigricollis;7;0;0;0;0;10;30;40;20;0;2;2.5;9.71E+12
Antrostomus_sericocaudatus;NA;NA;NA;NA;NA;NA;NA;NA;NA;NA;NA;NA;1.17E+12
Aphantochroa_cirrochloris;7.7;0;0;0;0;80;20;0;0;0;2;NA;1.44E+12
Aratinga_auricapillus;130;0;0;0;30;50;20;0;0;0;NA;NA;65235250581
Aratinga_auricapillus;130;0;0;0;30;50;20;0;0;0;NA;NA;1.20E+12
Aratinga_jandaya;89.4;0;0;0;0;33;33;33;0;0;3;NA;1.51E+12
Ara_chloropterus;1214;0;0;0;0;0;60;40;0;0;2.4;NA;8.10E+12
Ardea_cocoi;1752.44;0;0;100;0;0;0;0;0;0;3;NA;1.47E+13
Augastes_scutatus;3;0;0;0;0;70;30;0;0;0;NA;NA;28653474188
Bartramia_longicauda;158.92;0;0;0;100;0;0;0;0;0;4;1;44048264840
Bartramia_longicauda;158.92;0;0;0;100;0;0;0;0;0;4;1;57389198.45
Bartramia_longicauda;158.92;0;0;0;100;0;0;0;0;0;4;1;3.17E+12
Baryphthengus_ruficapillus;141.65;0;0;0;50;20;30;0;0;0;NA;NA;1.57E+12
Brotogeris_chiriri;61.6;0;0;0;30;30;20;20;0;0;5;1;3.80E+12
Brotogeris_tirica;63;0;0;0;0;20;20;60;0;0;4;NA;2.89E+11
Buteogallus_coronatus;2950;0;0;0;100;0;0;0;0;0;1;NA;4.23E+12
Amadonastur_lacernulatus;595.5;0;0;0;100;0;0;0;0;0;NA;NA;NA
Heterospizias_meridionalis;807.99;0;0;0;100;0;0;0;0;0;1;NA;NA
Buteo_brachyurus;496.01;0;0;0;0;0;0;80;20;0;2;NA;766976987.7
Buteo_brachyurus;496.01;0;0;0;0;0;0;80;20;0;2;NA;1.29E+13
Buteo_nitidus;519.04;0;0;0;0;33;33;33;0;0;2;NA;1.04E+13
Chauna_torquata;4400;0;0;40;60;0;0;0;0;0;4;NA;3.83E+12
Campephilus_leucopogon;249;0;0;0;0;33;33;33;0;0;NA;NA;1.08E+12
Campephilus_melanoleucos;256;0;0;0;0;0;100;0;0;0;2.5;NA;55739589598
Campephilus_melanoleucos;256;0;0;0;0;0;100;0;0;0;2.5;NA;1.10E+13
Calliphlox_amethystina;2.8;0;0;0;0;50;40;0;10;0;2;NA;7.99E+12
Callonetta_leucophrys;362.78;0;0;100;0;0;0;0;0;0;8.75;1;1.31E+12
Campephilus_robustus;200;0;0;0;0;30;40;30;0;0;NA;NA;1.89E+12
Cariama_cristata;1400;0;0;0;60;40;0;0;0;0;2.2;NA;5.93E+12
Celeus_flavescens;139;0;0;0;20;30;50;0;0;0;NA;NA;2.62E+12
Celeus_flavus;147.33;0;0;0;0;20;60;20;0;0;NA;NA;6.16E+12
Celeus_flavus;147.33;0;0;0;0;20;60;20;0;0;NA;NA;35848208024
Celeus_lugubris;137;0;0;0;0;0;100;0;0;0;NA;NA;8.42E+11
Celeus_obrieni;114;0;0;0;0;0;100;0;0;0;1;NA;8.06E+11
Celeus_tinnunculus;134;0;0;0;0;20;60;20;0;0;NA;NA;1.20E+11
Elaenia_mesoleuca;17.6;0;0;0;0;20;40;40;0;0;2.4;NA;2.22E+12
Biatas_nigropectus;42;0;0;0;30;30;40;0;0;0;NA;NA;23893208994
Biatas_nigropectus;42;0;0;0;30;30;40;0;0;0;NA;NA;1.26E+11
Biatas_nigropectus;42;0;0;0;30;30;40;0;0;0;NA;NA;8348727173
Acrobatornis_fonsecai;13.7;0;0;0;0;0;40;60;0;0;NA;NA;3689695114
Alectrurus_tricolor;16;0;0;0;0;80;20;0;0;0;NA;NA;1.05E+12
Alectrurus_tricolor;16;0;0;0;0;80;20;0;0;0;NA;NA;2.02E+11
Anthus_nattereri;19.5;0;0;0;100;0;0;0;0;0;4;NA;5.73E+11
Anthus_nattereri;19.5;0;0;0;100;0;0;0;0;0;4;NA;1.81E+11
Asthenes_hudsoni;19;0;0;0;50;50;0;0;0;0;3.2;NA;8.04E+11
Asthenes_luizae;28;0;0;0;100;0;0;0;0;0;NA;NA;14884196595
Asthenes_pyrrholeuca;13.2;0;0;0;100;0;0;0;0;0;2.8;NA;1.40E+12
Carpornis_melanocephala;64.19;0;0;0;0;50;50;0;0;0;NA;NA;14993606884
Carpornis_melanocephala;64.19;0;0;0;0;50;50;0;0;0;NA;NA;67889278186
Cercomacra_brasiliana;16.93;0;0;0;0;70;30;0;0;0;NA;NA;1.29E+11
Chiroxiphia_pareola;16.84;0;0;0;0;50;50;0;0;0;2;NA;5.04E+12
Cinclodes_fuscus;30;0;0;0;100;0;0;0;0;0;2.4;NA;1.36E+12
Chamaeza_meruloides;69;0;0;0;100;0;0;0;0;0;NA;NA;1.03E+11
Corythopis_delalandi;15;0;0;0;80;20;0;0;0;0;2.4;NA;2.53E+12
Culicivora_caudacuta;8;0;0;0;0;100;0;0;0;0;NA;NA;2.10E+12
Cyanocorax_cyanomelas;207;0;0;0;20;30;40;10;0;0;4;NA;1.68E+12
Dendrocolaptes_platyrostris;61.7;0;0;0;50;50;0;0;0;0;NA;NA;3.89E+12
Dendroplex_picus;41.34;0;0;0;0;20;80;0;0;0;1.85;NA;9.86E+12
Formicivora_rufa;10.8;0;0;0;50;50;0;0;0;0;2;NA;4.09E+12
Dysithamnus_plumbeus;20.5;0;0;0;40;40;20;0;0;0;2;NA;18141183471
Dysithamnus_plumbeus;20.5;0;0;0;40;40;20;0;0;0;2;NA;4598323800
Dysithamnus_plumbeus;20.5;0;0;0;40;40;20;0;0;0;2;NA;42466647297
Dysithamnus_xanthopterus;16.16;0;0;0;0;0;100;0;0;0;2;NA;44443448370
Dysithamnus_xanthopterus;16.16;0;0;0;0;0;100;0;0;0;2;NA;2150321349
Eleoscytalopus_indigoticus;16.15;0;0;0;60;40;0;0;0;0;2;NA;4.55E+11
Eleoscytalopus_psychopompus;17.8;0;0;0;50;30;20;0;0;0;NA;NA;5194810483
Euscarthmus_rufomarginatus;6;0;0;0;20;80;0;0;0;0;NA;NA;14975614961
Euscarthmus_rufomarginatus;6;0;0;0;20;80;0;0;0;0;NA;NA;2.45E+12
Euscarthmus_rufomarginatus;6;0;0;0;20;80;0;0;0;0;NA;NA;36531291987
Fluvicola_nengeta;21;0;0;0;60;40;0;0;0;0;NA;NA;3.64E+12
Geositta_poeciloptera;17.97;0;0;0;100;0;0;0;0;0;3;NA;1.46E+12
Grallaria_varia;119;0;0;0;100;0;0;0;0;0;2;NA;3.25E+12
Hemitriccus_margaritaceiventer;8.4;0;0;0;0;40;60;0;0;0;1.7;NA;5.81E+12
Synallaxis_hellmayri;25.49;0;0;0;50;50;0;0;0;0;NA;NA;6325922936
Synallaxis_hellmayri;25.49;0;0;0;50;50;0;0;0;0;NA;NA;24914774723
Synallaxis_hellmayri;25.49;0;0;0;50;50;0;0;0;0;NA;NA;3.08E+11
Hemitriccus_mirandae;8.64;0;0;0;0;10;90;0;0;0;NA;NA;1688797187
Hemitriccus_mirandae;8.64;0;0;0;0;10;90;0;0;0;NA;NA;71444060463
Hemitriccus_mirandae;8.64;0;0;0;0;10;90;0;0;0;NA;NA;7236430126
Herpsilochmus_pileatus;8.9;0;0;0;0;0;70;30;0;0;NA;NA;1545436716
Herpsilochmus_scapularis;10.58;0;0;0;0;0;100;0;0;0;NA;NA;2.83E+12
Clibanornis_rectirostris;48;0;0;0;100;0;0;0;0;0;NA;NA;1.42E+12
Hylophilus_pectoralis;NA;NA;0;0;0;0;40;60;0;0;2;NA;3.21E+12
Hypoedaleus_guttatus;38.8;0;0;0;0;0;100;0;0;0;NA;NA;8.30E+11
Lepidocolaptes_angustirostris;29.59;0;0;0;0;40;60;0;0;0;3.5;NA;6.58E+12
Lepidocolaptes_falcinellus;27.92;0;0;0;0;0;50;50;0;0;NA;NA;4.98E+11
Sporophila_beltoni;NA;NA;0;0;100;0;0;0;0;0;NA;NA;3.17E+11
Sporophila_beltoni;NA;NA;0;0;100;0;0;0;0;0;NA;NA;39695156017
Sporophila_beltoni;NA;NA;0;0;100;0;0;0;0;0;NA;NA;1.53E+11
Sporophila_beltoni;NA;NA;0;0;100;0;0;0;0;0;NA;NA;3.93E+11
Sporophila_beltoni;NA;NA;0;0;100;0;0;0;0;0;NA;NA;36086944777
Sporophila_beltoni;NA;NA;0;0;100;0;0;0;0;0;NA;NA;1.97E+11
Chamaeza_campanisona;90.58;0;0;0;80;20;0;0;0;0;2;NA;1.80E+12
Empidonomus_varius;27.1;0;0;0;0;30;70;0;0;0;2.2;NA;7.74E+12
Empidonomus_varius;27.1;0;0;0;0;30;70;0;0;0;2.2;NA;2.80E+12
Furnarius_figulus;28;0;0;0;100;0;0;0;0;0;2;NA;1.97E+12
Heliobletus_contaminatus;14;0;0;0;0;0;50;50;0;0;NA;NA;8.15E+11
Herpsilochmus_pectoralis;10.86;0;0;0;0;0;100;0;0;0;NA;NA;2.22E+11
Herpsilochmus_pectoralis;10.86;0;0;0;0;0;100;0;0;0;NA;NA;92657619086
Knipolegus_nigerrimus;20.3;0;0;0;50;50;0;0;0;0;NA;NA;7.89E+11
Conopias_trivirgatus;24.36;0;0;0;0;0;30;70;0;0;NA;NA;2.02E+12
Drymophila_ochropyga;10.5;0;0;0;40;40;20;0;0;0;NA;NA;3.60E+11
Drymophila_squamata;10.8;0;0;0;40;40;20;0;0;0;2;NA;3.40E+11
Amazilia_lactea;4.6;0;0;0;0;30;30;30;10;0;2;NA;1.65E+12
Chaetura_spinicaudus;15.69;0;0;0;0;20;10;20;50;0;NA;NA;3.14E+12
Chaetura_spinicaudus;15.69;0;0;0;0;20;10;20;50;0;NA;NA;12587185515
Piaya_cayana;101.98;0;0;0;0;0;20;80;0;0;2;NA;1.34E+13
Piculus_aurulentus;74.99;0;0;0;0;0;100;0;0;0;NA;NA;7.49E+11
Tigrisoma_fasciatum;850;0;0;50;50;0;0;0;0;0;NA;NA;1.53E+12
Celeus_ochraceus;139;0;0;0;20;30;50;0;0;0;NA;NA;1.50E+12
Nothura_minor;165.8;0;0;0;100;0;0;0;0;0;NA;NA;4.81E+11
Nothura_minor;165.8;0;0;0;100;0;0;0;0;0;NA;NA;6.07E+11
Piculus_chrysochloros;88;0;0;0;0;0;60;40;0;0;NA;NA;8.62E+12
Pygochelidon_cyanoleuca;9.7;0;0;0;0;0;100;0;0;0;NA;NA;8.47E+12
Pygochelidon_melanoleuca;10.8;0;0;0;0;30;20;20;30;0;NA;NA;2.13E+12
Cyanocorax_caeruleus;272;0;0;0;0;20;70;10;0;0;NA;NA;NA
Cyanocorax_chrysops;166;0;0;0;10;30;30;30;0;0;5;NA;2.88E+12
Cyanocorax_cristatellus;178;0;0;0;60;20;20;0;0;0;3;NA;3.04E+12
Donacobius_atricapilla;36.8;0;0;0;0;50;50;0;0;0;2.2;NA;8.62E+12
Hylophilus_amaurocephalus;11.59;0;0;0;0;30;30;40;0;0;NA;NA;1.52E+12
Hemitriccus_striaticollis;8.6;0;0;0;0;0;100;0;0;0;2;NA;4.02E+12
Hemitriccus_griseipectus;8.9;0;0;0;0;0;100;0;0;0;NA;NA;2.66E+12
Atticora_tibialis;48;0;0;0;100;0;0;0;0;0;NA;NA;3.97E+12
Hirundinea_bellicosa;30.6;0;0;0;0;33;33;33;0;0;NA;NA;5.98E+12
Machetornis_rixosa;29.6;0;0;0;100;0;0;0;0;0;3.5;NA;6.81E+12
Piprites_chloris;16;0;0;0;0;0;20;80;0;0;NA;NA;7.07E+12
Serpophaga_griseicapilla;NA;NA;NA;NA;NA;NA;NA;NA;NA;NA;NA;NA;2.16E+12
Tachycineta_meyeni;14.9;0;0;0;0;80;20;0;0;0;NA;NA;3.06E+12
Terenura_sicki;6.4;0;0;0;0;0;100;0;0;0;NA;NA;132397950.1
Terenura_sicki;6.4;0;0;0;0;0;100;0;0;0;NA;NA;13402643360
Xolmis_dominicanus;42.8;0;0;0;100;0;0;0;0;0;NA;NA;1.08E+11
Xolmis_dominicanus;42.8;0;0;0;100;0;0;0;0;0;NA;NA;2.36E+11
Cnemotriccus_fuscatus;13.6;0;0;0;40;40;20;0;0;0;3;NA;1.22E+13
Hylophilus_poicilotis;NA;NA;0;0;0;20;60;20;0;0;NA;NA;6.73E+11
Laniocera_hypopyrra;51;0;0;0;0;50;50;0;0;0;2;NA;6.63E+12
Alopochelidon_fucata;13.96;0;0;0;0;80;20;0;0;0;4.5;NA;4.08E+12
Phyllomyias_fasciatus;10.3;0;0;0;0;0;0;100;0;0;2;NA;3.91E+12
Phylloscartes_ventralis;8.3;0;0;0;0;0;100;0;0;0;NA;NA;1.59E+12
Zimmerius_acer;7.13;0;0;0;0;0;0;100;0;0;NA;NA;2.62E+12
Cranioleuca_vulpina;15.7;0;0;0;0;50;50;0;0;0;2.4;NA;5.73E+12
Capsiempis_flaveola;7.7;0;0;0;0;0;100;0;0;0;2;NA;5.72E+12
Nannochordeiles_pusillus;30.6;1;0;0;0;0;70;10;20;0;1;NA;NA
Attila_phoenicurus;32.3;0;0;0;0;33;33;33;0;0;NA;NA;5.52E+11
Attila_phoenicurus;32.3;0;0;0;0;33;33;33;0;0;NA;NA;3.50E+12
Attila_phoenicurus;32.3;0;0;0;0;33;33;33;0;0;NA;NA;50426681804
Antrostomus_rufus;94.2;1;0;0;0;20;80;0;0;0;1.5;NA;5.39E+12
Antrostomus_rufus;94.2;1;0;0;0;20;80;0;0;0;1.5;NA;2.05E+12
Amblyramphus_holosericeus;56.76;0;0;0;100;0;0;0;0;0;NA;NA;1.58E+12
Ammodramus_humeralis;15.99;0;0;0;60;30;10;0;0;0;2.75;NA;9.12E+12
Arremon_semitorquatus;28.08;0;0;0;80;20;0;0;0;0;2;NA;2.15E+11
Myiothlypis_flaveola;13.19;0;0;0;60;40;0;0;0;0;3;NA;4.10E+12
Myiothlypis_leucoblephara;15.1;0;0;0;50;50;0;0;0;0;NA;NA;1.57E+12
Campylorhynchus_turdinus;32.6;0;0;0;0;0;50;50;0;0;NA;NA;4.50E+12
Spinus_yarrellii;11.3;0;0;0;50;50;0;0;0;0;NA;NA;1440779945
Spinus_yarrellii;11.3;0;0;0;50;50;0;0;0;0;NA;NA;39767430333
Spinus_yarrellii;11.3;0;0;0;50;50;0;0;0;0;NA;NA;4.55E+11
Caryothraustes_canadensis;34.5;0;0;0;0;0;60;40;0;0;NA;NA;2.65E+12
Chrysomus_ruficapillus;32;0;0;0;90;10;0;0;0;0;3;NA;5.79E+12
Compsothraupis_loricata;72.49;0;0;0;0;20;30;50;0;0;NA;NA;1.68E+12
Conirostrum_speciosum;NA;NA;0;0;60;20;20;0;0;0;NA;NA;7.56E+12
Coryphospingus_pileatus;NA;NA;0;0;0;60;40;0;0;0;NA;NA;2.76E+12
Cypsnagra_hirundinacea;31.4;0;0;0;30;50;10;0;10;0;NA;NA;3.22E+12
Dacnis_nigripes;14;0;0;0;0;70;30;0;0;0;NA;NA;27783171584
Dacnis_nigripes;14;0;0;0;0;70;30;0;0;0;NA;NA;2116305730
Dacnis_nigripes;14;0;0;0;0;70;30;0;0;0;NA;NA;21752917706
Emberizoides_ypiranganus;NA;NA;0;0;20;60;20;0;0;0;NA;NA;6.49E+11
Euphonia_laniirostris;15;0;0;0;0;0;70;30;0;0;4;NA;4.46E+12
Icterus_croconotus;40.03;0;0;0;0;0;50;50;0;0;3;NA;3.43E+12
Sturnella_superciliaris;45.32;0;0;0;90;10;0;0;0;0;NA;NA;NA
Islerothraupis_cristata;18.8;0;0;0;0;10;20;70;0;0;NA;NA;6.34E+12
Tangara_palmarum;39;0;0;0;0;0;20;70;10;0;NA;NA;1.22E+13
Cantorchilus_leucotis;19.44;0;0;0;0;80;20;0;0;0;2.4;NA;8.71E+12
Cantorchilus_longirostris;21.3;0;0;0;0;80;20;0;0;0;NA;NA;1.51E+12
Asemospiza_fuliginosa;NA;NA;0;0;100;0;0;0;0;0;NA;NA;9.52E+11
Tangara_peruviana;22.2;0;0;0;0;30;40;30;0;0;NA;NA;16088816957
Tangara_peruviana;22.2;0;0;0;0;30;40;30;0;0;NA;NA;53100378851
Tangara_peruviana;22.2;0;0;0;0;30;40;30;0;0;NA;NA;56468451239
Sporophila_plumbea;NA;NA;0;0;100;0;0;0;0;0;NA;NA;4.74E+12
Microspingus_cabanisi;19.2;0;0;0;100;0;0;0;0;0;NA;NA;7.76E+11
Pheugopedius_genibarbis;19.2;0;0;0;0;100;0;0;0;0;NA;NA;6.33E+12
Agelasticus_cyanopus;37.21;0;0;0;70;30;0;0;0;0;3;NA;2.87E+12
Agelasticus_thilius;31.5;0;0;0;70;30;0;0;0;0;3;NA;2.23E+12
Agelasticus_thilius;31.5;0;0;0;70;30;0;0;0;0;3;NA;5.90E+11
Anthus_hellmayri;18.61;0;0;0;90;10;0;0;0;0;NA;NA;9.54E+11
Basileuterus_hypoleucus;11.4;0;0;0;0;60;40;0;0;0;NA;NA;1.49E+12
Cacicus_chrysopterus;36.16;0;0;0;0;0;80;20;0;0;NA;NA;1.63E+12
Cissopis_leverianus;76;0;0;0;20;30;30;20;0;0;2;NA;5.41E+12
Catharus_fuscescens;31.9;0;0;0;100;0;0;0;0;0;4;1.5;1.51E+12
Conirostrum_bicolor;NA;NA;0;0;60;20;20;0;0;0;2;NA;5.67E+11
Coryphospingus_cucullatus;NA;NA;0;0;0;60;40;0;0;0;NA;NA;4.05E+12
Coryphospingus_cucullatus;NA;NA;0;0;0;60;40;0;0;0;NA;NA;8.63E+11
Emberizoides_herbicola;NA;NA;0;0;70;30;0;0;0;0;2;NA;5.55E+12
Euphonia_chlorotica;11;0;0;0;0;0;10;90;0;0;3.9;NA;9.44E+12
Euphonia_cyanocephala;14;0;0;0;0;20;40;40;0;0;3.2;NA;2.71E+12
Euphonia_pectoralis;14.4;0;0;0;0;0;30;70;0;0;3;NA;1.36E+12
Gubernatrix_cristata;NA;NA;0;0;60;30;10;0;0;0;NA;NA;5.16E+11
Gubernatrix_cristata;NA;NA;0;0;60;30;10;0;0;0;NA;NA;22514749073
Gubernatrix_cristata;NA;NA;0;0;60;30;10;0;0;0;NA;NA;7.66E+11
Hemithraupis_flavicollis;12.8;0;0;0;0;0;20;80;0;0;NA;NA;5.62E+12
Icterus_jamacaii;71.81;0;0;0;20;50;30;0;0;0;3;NA;2.65E+12
Mimus_saturninus;63.7;0;0;0;100;0;0;0;0;0;3.5;NA;7.20E+12
Molothrus_rufoaxillaris;47.5;0;0;0;90;10;0;0;0;0;NA;NA;4.72E+12
Sporophila_hypochroma;NA;NA;0;0;50;50;0;0;0;0;NA;NA;2.00E+11
Sporophila_hypochroma;NA;NA;0;0;50;50;0;0;0;0;NA;NA;1.40E+12
Nemosia_pileata;16;0;0;0;0;30;70;0;0;0;2;NA;8.99E+12
Neothraupis_fasciata;26.8;0;0;0;60;20;20;0;0;0;NA;NA;2.24E+12
Orchesticus_abeillei;31.5;0;0;0;0;0;20;80;0;0;2;NA;1.64E+11
Orthogonys_chloricterus;40;0;0;0;0;0;100;0;0;0;NA;NA;1.22E+11
Paroaria_capitata;22.3;0;0;0;0;80;20;0;0;0;NA;NA;1.52E+12
Pheucticus_aureoventris;NA;NA;0;0;30;0;30;40;0;0;NA;NA;1.11E+12
Polioptila_dumicola;7;0;0;0;0;0;20;80;0;0;3.9;NA;4.48E+12
Porphyrospiza_caerulescens;9.56;0;0;0;100;0;0;0;0;0;NA;NA;1.67E+12
Psarocolius_decumanus;206.3;0;0;0;10;0;50;40;0;0;1.5;NA;1.05E+13
Pseudoleistes_guirahuro;86.42;0;0;0;100;0;0;0;0;0;NA;NA;2.14E+12
Pseudoleistes_virescens;79.93;0;0;0;100;0;0;0;0;0;NA;NA;8.99E+11
Pseudoleistes_virescens;79.93;0;0;0;100;0;0;0;0;0;NA;NA;3.19E+11
Saltatricula_atricollis;NA;NA;0;0;60;20;20;0;0;0;NA;NA;NA
Saltator_fuliginosus;50.5;0;0;0;0;0;60;40;0;0;NA;NA;8.12E+11
Saltator_similis;NA;NA;0;0;0;70;30;0;0;0;NA;NA;3.78E+12
Schistochlamys_melanopis;33;0;0;0;0;20;70;10;0;0;2;NA;6.47E+12
Schistochlamys_ruficapillus;31.2;0;0;0;0;70;30;0;0;0;NA;NA;2.41E+12
Sicalis_citrina;NA;NA;0;0;10;60;30;0;0;0;NA;NA;1.53E+12
Sicalis_columbiana;NA;NA;0;0;20;60;20;0;0;0;NA;NA;1.84E+12
Sicalis_flaveola;NA;NA;0;0;40;60;0;0;0;0;3;NA;8.09E+12
Sicalis_luteola;NA;NA;0;0;30;70;0;0;0;0;NA;NA;3.84E+12
Sporophila_falcirostris;NA;NA;0;0;100;0;0;0;0;0;NA;NA;2813931030
Sporophila_falcirostris;NA;NA;0;0;100;0;0;0;0;0;NA;NA;1.72E+11
Sporophila_ardesiaca;10.9;0;0;0;60;40;0;0;0;0;NA;NA;6.39E+11
Sporophila_caerulescens;NA;NA;0;0;50;50;0;0;0;0;NA;NA;3.31E+12
Sporophila_caerulescens;NA;NA;0;0;50;50;0;0;0;0;NA;NA;1.71E+12
Sporophila_caerulescens;NA;NA;0;0;50;50;0;0;0;0;NA;NA;2.97E+12
Sporophila_frontalis;NA;NA;0;0;100;0;0;0;0;0;NA;NA;87303478821
Sporophila_frontalis;NA;NA;0;0;100;0;0;0;0;0;NA;NA;1.86E+11
Sporophila_frontalis;NA;NA;0;0;100;0;0;0;0;0;NA;NA;6568436178
Sporophila_leucoptera;NA;NA;0;0;70;30;0;0;0;0;NA;NA;3.78E+12
Sporophila_lineola;NA;NA;0;0;30;70;0;0;0;0;2.5;NA;1.53E+12
Sporophila_lineola;NA;NA;0;0;30;70;0;0;0;0;2.5;NA;1.22E+12
Sporophila_lineola;NA;NA;0;0;30;70;0;0;0;0;2.5;NA;9.30E+12
Sporophila_ruficollis;NA;NA;0;0;50;50;0;0;0;0;NA;NA;1.24E+12
Sporophila_ruficollis;NA;NA;0;0;50;50;0;0;0;0;NA;NA;2.19E+12
Tachyphonus_coronatus;29.3;0;0;0;0;20;40;40;0;0;NA;NA;1.49E+12
Tachyphonus_rufus;34.4;0;0;0;20;50;10;10;10;0;2.5;NA;5.94E+12
Tangara_desmaresti;20.4;0;0;0;0;0;20;60;20;0;3;NA;2.60E+11
Turdus_flavipes;65.14;0;0;0;10;30;30;30;0;0;NA;NA;9.09E+11
Turdus_flavipes;65.14;0;0;0;10;30;30;30;0;0;NA;NA;31553933545
Turdus_leucomelas;69.1;0;0;0;60;20;20;0;0;0;3;3;7.69E+12
Xanthopsar_flavus;43;0;0;0;70;30;0;0;0;0;4;NA;2.85E+11
Xanthopsar_flavus;43;0;0;0;70;30;0;0;0;0;4;NA;4.49E+11
Coryphaspiza_melanotis;NA;NA;0;0;0;50;50;0;0;0;NA;NA;2.18E+12
Amaurospiza_moesta;NA;NA;0;0;70;30;0;0;0;0;NA;NA;6.54E+11
Amazona_amazonica;370;0;0;0;0;33;33;33;0;0;3.2;NA;7.38E+12
Ara_ararauna;1125;0;0;0;0;0;60;40;0;0;2;NA;7.78E+12
Buteogallus_aequinoctialis;657.63;0;0;0;100;0;0;0;0;0;1;NA;1.33E+11
Leptodon_forbesi;577;0;0;0;0;50;50;0;0;0;NA;NA;52831612825
Lipaugus_ater;80;0;0;0;0;50;50;0;0;0;NA;NA;12392205111
Myiopsitta_monachus;120;0;0;0;20;20;40;20;0;0;6;2;2.72E+12
Myrmoderus_ruficauda;29.75;0;0;0;80;20;0;0;0;0;NA;NA;45905471401
Myrmoderus_ruficauda;29.75;0;0;0;80;20;0;0;0;0;NA;NA;83252806012
Myrmoderus_ruficauda;29.75;0;0;0;80;20;0;0;0;0;NA;NA;499323824.6
Paroaria_coronata;NA;NA;0;0;20;80;0;0;0;0;NA;NA;2.39E+12
Phalcoboenus_chimango;296;0;0;0;100;0;0;0;0;0;NA;NA;1.40E+11
Phalcoboenus_chimango;296;0;0;0;100;0;0;0;0;0;NA;NA;3.93E+12
Phoenicopterus_chilensis;2277;0;0;100;0;0;0;0;0;0;1;1.5;3.27E+12
Phoenicopterus_chilensis;2277;0;0;100;0;0;0;0;0;0;1;1.5;4.01E+11
Pipile_jacutinga;1240.96;0;0;0;20;0;40;40;0;0;3;NA;8.94E+11
Pipile_jacutinga;1240.96;0;0;0;20;0;40;40;0;0;3;NA;1.69E+11
Psittacara_acuticaudatus;171;0;0;0;0;33;33;33;0;0;NA;NA;3.35E+12
Pyrrhura_griseipectus;75.87;0;0;0;0;33;33;33;0;0;6.7;NA;1817541390
Pyrrhura_griseipectus;75.87;0;0;0;0;33;33;33;0;0;6.7;NA;686205617
Pyrrhura_griseipectus;75.87;0;0;0;0;33;33;33;0;0;6.7;NA;7674353488
Scytalopus_speluncae;13;0;0;0;60;40;0;0;0;0;2;NA;2.50E+11
Sporophila_angolensis;13;0;0;0;60;40;0;0;0;0;NA;NA;1.19E+13
Sporophila_hypoxantha;NA;NA;0;0;50;50;0;0;0;0;NA;NA;1.85E+12
Sporophila_hypoxantha;NA;NA;0;0;50;50;0;0;0;0;NA;NA;1.34E+12
